timesteps,ep_rew_mean,ep_len_mean
4096,-137.015869140625,87.85713958740234
8192,-149.22288513183594,100.79220581054688
12288,-140.35340881347656,95.81999969482422
16384,-145.25953674316406,102.0999984741211
20480,-124.92057037353516,87.87000274658203
24576,-118.13966369628906,79.75
28672,-108.12637329101562,74.73999786376953
32768,-89.1866455078125,65.58999633789062
36864,-92.2664794921875,66.52999877929688
40960,-90.41864013671875,64.75
45056,-78.79840850830078,58.290000915527344
49152,-70.7159423828125,54.59000015258789
53248,-54.44063186645508,39.029998779296875
57344,-52.2142333984375,39.43000030517578
61440,-41.58918380737305,32.95000076293945
65536,-47.05962371826172,35.75
69632,-45.97801971435547,34.33000183105469
73728,-42.79429244995117,34.5
77824,-32.29856491088867,27.459999084472656
81920,-29.876619338989258,25.59000015258789
86016,-26.499845504760742,23.719999313354492
90112,-24.501239776611328,25.079999923706055
94208,-24.7801456451416,29.229999542236328
98304,-22.272632598876953,25.950000762939453
102400,-20.345842361450195,23.579999923706055
106496,-20.540273666381836,24.18000030517578
110592,-17.63319206237793,23.260000228881836
114688,-16.86682891845703,20.579999923706055
118784,-13.54515552520752,21.510000228881836
122880,-15.22071361541748,20.829999923706055
126976,-12.877705574035645,21.1299991607666
131072,-11.95791244506836,20.850000381469727
135168,-10.96126651763916,20.700000762939453
139264,-9.21749210357666,19.100000381469727
143360,-7.050499439239502,21.260000228881836
147456,-7.790343284606934,19.760000228881836
151552,-3.838562488555908,20.709999084472656
155648,-6.26129150390625,19.75
159744,-4.174412250518799,19.889999389648438
163840,-4.140412330627441,20.829999923706055
167936,-1.1120504140853882,21.90999984741211
172032,0.5438812971115112,24.780000686645508
176128,-0.9512028694152832,24.450000762939453
180224,1.7715938091278076,23.989999771118164
184320,5.928750991821289,26.899999618530273
188416,7.680871486663818,28.639999389648438
192512,8.540251731872559,27.200000762939453
196608,8.14125919342041,28.239999771118164
200704,10.533072471618652,31.100000381469727
204800,12.970458030700684,33.27000045776367
208896,14.747191429138184,34.75
212992,19.42363739013672,37.08000183105469
217088,17.14491844177246,33.61000061035156
221184,20.482776641845703,37.90999984741211
225280,21.51019287109375,39.119998931884766
229376,20.7093563079834,42.029998779296875
233472,27.47115135192871,42.790000915527344
237568,24.937110900878906,41.459999084472656
241664,29.317235946655273,45.31999969482422
245760,27.51738929748535,45.93000030517578
249856,34.681739807128906,48.5099983215332
253952,38.19154357910156,51.08000183105469
258048,45.282806396484375,55.7599983215332
262144,45.789756774902344,58.2400016784668
266240,46.770172119140625,59.15999984741211
270336,55.073368072509766,64.79000091552734
274432,64.69590759277344,71.12999725341797
278528,66.69693756103516,78.77999877929688
282624,72.0531234741211,82.44000244140625
286720,75.2136459350586,81.55000305175781
290816,84.92388153076172,89.29000091552734
294912,88.09647369384766,91.06999969482422
299008,99.8548355102539,96.55999755859375
303104,104.1448974609375,99.56999969482422
307200,107.73495483398438,104.16999816894531
311296,121.31272888183594,114.41000366210938
315392,131.34669494628906,123.81999969482422
319488,145.1592559814453,139.3699951171875
323584,151.50753784179688,144.4499969482422
327680,162.9021759033203,151.0399932861328
331776,181.4770050048828,162.44000244140625
335872,184.79954528808594,160.77000427246094
339968,181.7050018310547,161.44000244140625
344064,173.31370544433594,159.66000366210938
348160,170.55067443847656,160.25999450683594
352256,186.04397583007812,170.1300048828125
356352,207.13031005859375,187.10000610351562
360448,221.54859924316406,197.3000030517578
364544,249.17977905273438,217.72000122070312
368640,265.98382568359375,227.10000610351562
372736,285.01019287109375,244.0500030517578
376832,322.41534423828125,269.2099914550781
380928,348.8289794921875,291.3299865722656
385024,360.7066955566406,301.4800109863281
389120,374.44598388671875,312.94000244140625
393216,370.760009765625,311.2799987792969
397312,395.54364013671875,328.7200012207031
401408,370.74700927734375,334.3800048828125
405504,375.0296325683594,326.0299987792969
409600,381.2903747558594,337.7200012207031
413696,366.6884765625,333.2099914550781
417792,362.03826904296875,337.3900146484375
421888,352.3033447265625,357.69000244140625
425984,367.648193359375,370.1099853515625
430080,399.3307800292969,403.6300048828125
434176,407.10369873046875,409.6300048828125
438272,410.97900390625,409.239990234375
442368,408.6125793457031,403.07000732421875
446464,405.01092529296875,425.2200012207031
450560,384.33245849609375,404.3800048828125
454656,393.1761169433594,408.4599914550781
458752,400.096435546875,424.8800048828125
462848,401.1338806152344,428.7300109863281
466944,414.69891357421875,431.489990234375
471040,425.2182312011719,434.9700012207031
475136,430.3266906738281,438.5899963378906
479232,448.1009521484375,463.29998779296875
483328,442.7366027832031,459.82000732421875
487424,434.280517578125,474.6300048828125
491520,426.93585205078125,496.8900146484375
495616,387.4176940917969,506.75
499712,396.5258483886719,510.70001220703125
503808,404.6195983886719,546.1699829101562
507904,396.1167297363281,543.510009765625
512000,389.7745666503906,558.6799926757812
516096,420.30859375,570.02001953125
520192,425.9654846191406,580.2899780273438
524288,433.8448791503906,582.8599853515625
528384,426.688720703125,569.25
532480,430.0530700683594,574.1799926757812
536576,459.62298583984375,595.0499877929688
540672,476.1300354003906,606.3900146484375
544768,480.4941711425781,602.22998046875
548864,500.5896301269531,632.8499755859375
552960,531.7341918945312,650.1799926757812
557056,527.9015502929688,658.469970703125
561152,548.3001708984375,666.3599853515625
565248,571.1500244140625,663.5999755859375
569344,596.3309326171875,665.6900024414062
573440,600.3194580078125,654.239990234375
577536,620.9378662109375,645.260009765625
581632,619.263427734375,651.4600219726562
585728,624.6531982421875,639.469970703125
589824,623.0582275390625,642.2000122070312
593920,646.1239624023438,652.4199829101562
598016,651.936279296875,656.2000122070312
602112,622.0045166015625,650.010009765625
606208,628.4096069335938,654.6400146484375
610304,658.9376831054688,668.260009765625
614400,684.8609619140625,668.219970703125
618496,686.210693359375,659.260009765625
622592,748.9549560546875,657.6099853515625
626688,767.022705078125,637.719970703125
630784,765.8910522460938,647.97998046875
634880,777.0177001953125,649.219970703125
638976,773.9735107421875,654.969970703125
643072,826.4488525390625,688.7000122070312
647168,866.2222290039062,705.6199951171875
651264,882.7523803710938,712.8200073242188
655360,902.4024047851562,717.9099731445312
659456,923.9148559570312,736.8900146484375
663552,914.7996215820312,736.8900146484375
667648,924.0239868164062,747.9400024414062
671744,945.4865112304688,753.219970703125
675840,973.120361328125,771.6500244140625
679936,971.2111206054688,767.8499755859375
684032,983.4747314453125,768.3300170898438
688128,1008.2890014648438,782.0499877929688
692224,1015.1043701171875,787.0499877929688
696320,1029.22705078125,780.9199829101562
700416,1028.6298828125,786.0800170898438
704512,1026.1727294921875,799.6500244140625
708608,1063.1651611328125,823.22998046875
712704,1076.7962646484375,821.8099975585938
716800,1072.9224853515625,823.1400146484375
720896,1087.8209228515625,826.9600219726562
724992,1094.1900634765625,829.9500122070312
729088,1088.7945556640625,827.989990234375
733184,1048.1260986328125,817.7899780273438
737280,1046.8275146484375,812.989990234375
741376,1062.105224609375,819.0900268554688
745472,1062.992431640625,817.5399780273438
749568,1069.1527099609375,814.4099731445312
753664,1072.0177001953125,811.5499877929688
757760,1082.325927734375,798.5499877929688
761856,1070.6629638671875,798.8699951171875
765952,1078.5762939453125,806.3800048828125
770048,1079.6553955078125,806.3800048828125
774144,1095.4595947265625,814.8400268554688
778240,1106.479248046875,822.5800170898438
782336,1113.3216552734375,819.1400146484375
786432,1143.267822265625,819.47998046875
790528,1135.8060302734375,814.0399780273438
794624,1146.3033447265625,828.030029296875
798720,1114.8714599609375,807.22998046875
802816,1087.9881591796875,791.510009765625
806912,1104.5709228515625,799.8200073242188
811008,1117.7003173828125,800.3699951171875
815104,1137.411865234375,802.9299926757812
819200,1138.10400390625,795.6799926757812
823296,1137.4573974609375,784.239990234375
827392,1132.7662353515625,789.75
831488,1140.5904541015625,795.0700073242188
835584,1155.6021728515625,804.1699829101562
839680,1167.4613037109375,810.5999755859375
843776,1160.6102294921875,817.4400024414062
847872,1146.44091796875,812.97998046875
851968,1143.574951171875,811.6099853515625
856064,1122.6351318359375,809.47998046875
860160,1130.1268310546875,811.4099731445312
864256,1131.78955078125,814.2999877929688
868352,1127.237060546875,812.0599975585938
872448,1134.502197265625,828.0700073242188
876544,1131.2489013671875,829.1099853515625
880640,1150.6949462890625,829.1699829101562
884736,1173.079345703125,845.1900024414062
888832,1194.695068359375,857.2100219726562
892928,1197.3983154296875,860.9099731445312
897024,1205.8133544921875,863.1500244140625
901120,1201.4432373046875,863.4500122070312
905216,1213.3076171875,860.1900024414062
909312,1228.7603759765625,872.52001953125
913408,1229.8050537109375,869.2899780273438
917504,1231.80712890625,868.219970703125
921600,1230.81640625,868.219970703125
925696,1210.651123046875,868.219970703125
929792,1235.708251953125,883.1300048828125
933888,1271.4830322265625,879.5999755859375
937984,1262.3624267578125,876.0
942080,1276.393310546875,879.5
946176,1257.877197265625,879.5
950272,1255.66064453125,886.8499755859375
954368,1268.3397216796875,899.9500122070312
958464,1277.3221435546875,913.4199829101562
962560,1284.2611083984375,904.6799926757812
966656,1289.930908203125,897.3800048828125
970752,1293.6529541015625,901.510009765625
974848,1309.026611328125,910.4500122070312
978944,1304.183837890625,902.3800048828125
983040,1305.0716552734375,902.3800048828125
987136,1296.2352294921875,897.1699829101562
991232,1300.6522216796875,896.489990234375
995328,1300.5775146484375,899.75
999424,1310.5916748046875,905.0700073242188
1003520,1314.4056396484375,904.4500122070312
1007616,1324.9288330078125,905.47998046875
1011712,1328.7750244140625,907.0499877929688
1015808,1320.2191162109375,903.3099975585938
1019904,1319.2005615234375,903.3099975585938
1024000,1324.4984130859375,903.3099975585938
1028096,1328.980224609375,910.9600219726562
1032192,1336.50244140625,909.22998046875
1036288,1340.81591796875,900.010009765625
1040384,1342.97265625,892.3900146484375
1044480,1304.9937744140625,885.9199829101562
1048576,1285.1029052734375,873.1099853515625
1052672,1301.8428955078125,881.8499755859375
1056768,1312.335693359375,887.719970703125
1060864,1296.896728515625,879.5800170898438
1064960,1303.5147705078125,879.5800170898438
1069056,1299.1109619140625,882.7999877929688
1073152,1282.3985595703125,875.25
1077248,1280.8125,874.739990234375
1081344,1311.6142578125,892.280029296875
1085440,1317.3328857421875,892.280029296875
1089536,1310.434326171875,888.8900146484375
1093632,1311.681884765625,885.6500244140625
1097728,1294.2178955078125,875.52001953125
1101824,1288.8388671875,865.25
1105920,1300.117431640625,868.989990234375
1110016,1309.41259765625,868.989990234375
1114112,1313.06884765625,861.969970703125
1118208,1326.0970458984375,869.3699951171875
1122304,1335.3729248046875,878.5900268554688
1126400,1346.504150390625,886.2100219726562
1130496,1378.1998291015625,886.2100219726562
1134592,1404.6063232421875,894.3400268554688
1138688,1403.6644287109375,893.0499877929688
1142784,1400.0469970703125,888.9400024414062
1146880,1402.5006103515625,887.7899780273438
1150976,1422.651611328125,895.9299926757812
1155072,1423.2109375,895.9299926757812
1159168,1430.3306884765625,899.27001953125
1163264,1440.036865234375,902.0
1167360,1440.1170654296875,902.510009765625
1171456,1425.3565673828125,896.1799926757812
1175552,1412.0972900390625,885.75
1179648,1429.455078125,891.8900146484375
1183744,1453.25537109375,904.530029296875
1187840,1454.903076171875,905.6599731445312
1191936,1471.132080078125,914.25
1196032,1501.58544921875,924.52001953125
1200128,1505.78759765625,924.52001953125
1204224,1493.36962890625,916.25
1208320,1499.6519775390625,919.3699951171875
1212416,1498.3121337890625,913.27001953125
1216512,1503.1260986328125,913.27001953125
1220608,1489.0953369140625,911.4099731445312
1224704,1492.822021484375,905.6500244140625
1228800,1468.8929443359375,899.5800170898438
1232896,1466.958251953125,899.5800170898438
1236992,1483.1461181640625,906.27001953125
1241088,1454.1290283203125,890.010009765625
1245184,1441.0819091796875,890.010009765625
1249280,1447.9268798828125,888.6699829101562
1253376,1451.5020751953125,888.1199951171875
1257472,1433.9449462890625,873.3099975585938
1261568,1439.2476806640625,877.3400268554688
1265664,1458.295166015625,887.77001953125
1269760,1449.820556640625,883.77001953125
1273856,1457.287353515625,889.1300048828125
1277952,1450.16064453125,885.280029296875
1282048,1430.6180419921875,876.739990234375
1286144,1426.1807861328125,873.1599731445312
1290240,1414.9117431640625,866.2000122070312
1294336,1426.279296875,878.3699951171875
1298432,1426.4185791015625,878.3699951171875
1302528,1435.2938232421875,882.5999755859375
1306624,1435.143310546875,882.5999755859375
1310720,1442.32861328125,890.219970703125
1314816,1435.246337890625,890.25
1318912,1456.6689453125,894.1699829101562
1323008,1462.4791259765625,899.9000244140625
1327104,1461.6187744140625,899.9000244140625
1331200,1481.4906005859375,906.8499755859375
1335296,1501.3924560546875,908.9299926757812
1339392,1518.1416015625,916.7100219726562
1343488,1510.462158203125,921.52001953125
1347584,1514.5748291015625,927.1699829101562
1351680,1532.0643310546875,937.9400024414062
1355776,1531.8624267578125,933.6099853515625
1359872,1532.336669921875,933.6099853515625
1363968,1525.97607421875,933.6099853515625
1368064,1541.5040283203125,943.6500244140625
1372160,1540.782958984375,943.6500244140625
1376256,1546.909423828125,956.0399780273438
1380352,1552.1123046875,956.0399780273438
1384448,1563.229248046875,966.5800170898438
1388544,1555.651123046875,966.5800170898438
1392640,1561.4539794921875,966.5800170898438
1396736,1531.9451904296875,966.5800170898438
1400832,1527.1790771484375,963.989990234375
1404928,1530.125,954.7000122070312
1409024,1521.7694091796875,954.7000122070312
1413120,1520.898193359375,949.9000244140625
1417216,1524.40625,949.9000244140625
1421312,1516.71142578125,951.7899780273438
1425408,1522.3082275390625,953.9199829101562
1429504,1529.5120849609375,959.02001953125
1433600,1516.0272216796875,951.510009765625
1437696,1512.699462890625,935.9400024414062
1441792,1491.6297607421875,929.6799926757812
1445888,1495.712646484375,936.02001953125
1449984,1473.6954345703125,930.52001953125
1454080,1465.2037353515625,922.030029296875
1458176,1468.2327880859375,922.030029296875
1462272,1450.778076171875,920.1199951171875
1466368,1456.744873046875,914.0399780273438
1470464,1453.9754638671875,914.0399780273438
1474560,1438.2054443359375,903.7899780273438
1478656,1433.0997314453125,897.8200073242188
1482752,1429.7275390625,897.8200073242188
1486848,1413.766357421875,877.8300170898438
1490944,1414.4788818359375,879.030029296875
1495040,1418.8453369140625,883.3900146484375
1499136,1425.4683837890625,886.989990234375
1503232,1438.9356689453125,895.75
1507328,1429.430908203125,895.75
1511424,1424.276611328125,886.9199829101562
1515520,1387.06494140625,865.9400024414062
1519616,1391.2498779296875,866.9199829101562
1523712,1397.937744140625,873.9199829101562
1527808,1404.09423828125,879.510009765625
1531904,1419.7547607421875,879.510009765625
1536000,1437.6820068359375,886.25
1540096,1454.2398681640625,886.25
1544192,1455.3321533203125,886.280029296875
1548288,1446.41552734375,884.8800048828125
1552384,1476.515869140625,892.8699951171875
1556480,1477.1986083984375,892.8699951171875
1560576,1491.7362060546875,897.7100219726562
1564672,1479.4908447265625,890.4400024414062
1568768,1477.01318359375,892.8900146484375
1572864,1469.0006103515625,890.77001953125
1576960,1524.536865234375,910.760009765625
1581056,1529.2239990234375,910.760009765625
1585152,1548.103271484375,918.8200073242188
1589248,1552.1656494140625,919.8599853515625
1593344,1544.1202392578125,919.8599853515625
1597440,1559.6990966796875,919.8599853515625
1601536,1550.5115966796875,928.6900024414062
1605632,1534.754638671875,928.6900024414062
1609728,1551.9593505859375,942.239990234375
1613824,1536.686279296875,942.239990234375
1617920,1502.5709228515625,941.8400268554688
1622016,1462.307373046875,918.0599975585938
1626112,1461.6031494140625,918.0599975585938
1630208,1440.5330810546875,912.0
1634304,1429.192626953125,912.739990234375
1638400,1449.0562744140625,919.3300170898438
1642496,1440.4801025390625,916.9299926757812
1646592,1423.4542236328125,916.9299926757812
1650688,1400.792236328125,917.5800170898438
1654784,1381.2501220703125,911.4000244140625
1658880,1379.7606201171875,912.0999755859375
1662976,1368.0535888671875,912.0999755859375
1667072,1363.1563720703125,914.219970703125
1671168,1357.922607421875,914.219970703125
1675264,1353.7740478515625,914.219970703125
1679360,1363.3533935546875,917.510009765625
1683456,1377.988037109375,917.510009765625
1687552,1372.7515869140625,914.8300170898438
1691648,1385.2083740234375,914.8300170898438
1695744,1391.4884033203125,903.8800048828125
1699840,1385.0006103515625,907.010009765625
1703936,1412.8258056640625,916.739990234375
1708032,1453.1092529296875,912.1599731445312
1712128,1483.5009765625,927.969970703125
1716224,1513.6739501953125,944.7100219726562
1720320,1503.1864013671875,938.6699829101562
1724416,1504.040771484375,941.72998046875
1728512,1526.0433349609375,941.72998046875
1732608,1522.025146484375,939.3099975585938
1736704,1526.809326171875,939.3099975585938
1740800,1547.180419921875,943.1099853515625
1744896,1569.9442138671875,947.8699951171875
1748992,1591.4842529296875,952.6900024414062
1753088,1622.4261474609375,964.1400146484375
1757184,1629.9892578125,964.1400146484375
1761280,1643.54052734375,961.5599975585938
1765376,1644.9632568359375,961.5599975585938
1769472,1622.34912109375,951.5399780273438
1773568,1612.267578125,945.2999877929688
1777664,1613.8626708984375,945.2999877929688
1781760,1622.6524658203125,947.97998046875
1785856,1617.176513671875,947.530029296875
1789952,1581.714111328125,931.739990234375
1794048,1550.0103759765625,905.4299926757812
1798144,1527.325927734375,905.4299926757812
1802240,1528.4998779296875,910.8800048828125
1806336,1533.3167724609375,910.8800048828125
1810432,1540.00244140625,914.9199829101562
1814528,1540.116455078125,911.5700073242188
1818624,1534.8143310546875,902.2100219726562
1822720,1525.6925048828125,897.4400024414062
1826816,1516.9896240234375,897.4400024414062
1830912,1521.4566650390625,897.4400024414062
1835008,1491.502685546875,875.02001953125
1839104,1482.4027099609375,872.4500122070312
1843200,1483.7548828125,872.4500122070312
1847296,1471.293212890625,870.8300170898438
1851392,1463.2489013671875,861.77001953125
1855488,1475.801513671875,864.4000244140625
1859584,1459.72119140625,855.5900268554688
1863680,1461.1279296875,855.5900268554688
1867776,1466.3052978515625,855.5900268554688
1871872,1458.6263427734375,848.1900024414062
1875968,1477.1650390625,858.1699829101562
1880064,1555.2410888671875,889.969970703125
1884160,1567.2012939453125,897.8900146484375
1888256,1576.1815185546875,893.6400146484375
1892352,1580.7747802734375,889.8499755859375
1896448,1565.4710693359375,884.8599853515625
1900544,1571.99609375,886.8599853515625
1904640,1554.6090087890625,878.5399780273438
1908736,1543.459228515625,875.8300170898438
1912832,1549.8077392578125,877.5800170898438
1916928,1556.165283203125,876.5499877929688
1921024,1549.1673583984375,871.4000244140625
1925120,1575.7799072265625,888.5599975585938
1929216,1585.1165771484375,891.1300048828125
1933312,1575.62158203125,877.8400268554688
1937408,1580.681884765625,882.0399780273438
1941504,1602.273193359375,891.0999755859375
1945600,1613.2747802734375,897.760009765625
1949696,1638.589599609375,913.5399780273438
1953792,1620.4847412109375,905.6400146484375
1957888,1593.7081298828125,893.77001953125
1961984,1594.935791015625,901.6199951171875
1966080,1598.722412109375,901.6199951171875
1970176,1587.4212646484375,895.4000244140625
1974272,1590.2113037109375,895.4000244140625
1978368,1592.051025390625,894.5599975585938
1982464,1585.639404296875,895.4199829101562
1986560,1572.3629150390625,900.4099731445312
1990656,1564.818115234375,900.4099731445312
1994752,1563.56005859375,903.1400146484375
1998848,1593.7196044921875,921.1799926757812
2002944,1614.16259765625,931.3400268554688
2007040,1603.555419921875,931.3400268554688
2011136,1610.31640625,932.3699951171875
2015232,1618.0645751953125,942.780029296875
2019328,1623.52294921875,942.780029296875
2023424,1623.6046142578125,942.780029296875
2027520,1620.8829345703125,942.780029296875
2031616,1635.2652587890625,956.0700073242188
2035712,1602.37451171875,937.5900268554688
2039808,1592.40185546875,930.02001953125
2043904,1581.2730712890625,922.1099853515625
2048000,1598.21630859375,930.010009765625
2052096,1622.806884765625,941.8800048828125
2056192,1627.4051513671875,941.8800048828125
2060288,1623.017822265625,941.8800048828125
2064384,1634.6392822265625,948.0999755859375
2068480,1640.172607421875,948.0999755859375
2072576,1648.7117919921875,954.9000244140625
2076672,1645.9075927734375,950.5
2080768,1675.449951171875,950.5
2084864,1684.75341796875,950.5
2088960,1671.2088623046875,946.22998046875
2093056,1673.34326171875,941.6300048828125
2097152,1676.6839599609375,941.6300048828125
2101248,1684.0565185546875,941.6300048828125
2105344,1678.61865234375,938.739990234375
2109440,1689.3470458984375,938.739990234375
2113536,1673.01171875,936.6300048828125
2117632,1667.499755859375,935.22998046875
2121728,1644.668701171875,925.6500244140625
2125824,1645.8668212890625,925.6500244140625
2129920,1657.4849853515625,931.9400024414062
2134016,1669.0408935546875,939.510009765625
2138112,1658.5010986328125,947.4199829101562
2142208,1655.3453369140625,947.4199829101562
2146304,1652.87939453125,947.4199829101562
2150400,1649.168701171875,947.4199829101562
2154496,1632.7408447265625,947.4199829101562
2158592,1619.510009765625,947.4199829101562
2162688,1610.1884765625,947.4199829101562
2166784,1596.08447265625,950.1599731445312
2170880,1594.1671142578125,957.489990234375
2174976,1579.9278564453125,957.489990234375
2179072,1581.114990234375,957.489990234375
2183168,1586.5498046875,966.0999755859375
2187264,1585.2139892578125,966.0999755859375
2191360,1577.5008544921875,971.8300170898438
2195456,1541.0384521484375,961.2100219726562
2199552,1518.0989990234375,949.2100219726562
2203648,1477.545166015625,946.9199829101562
2207744,1477.83544921875,948.4500122070312
2211840,1468.391357421875,940.8300170898438
2215936,1472.62939453125,950.4099731445312
2220032,1411.6771240234375,949.5700073242188
2224128,1393.416259765625,953.5999755859375
2228224,1354.55126953125,961.760009765625
2232320,1346.0953369140625,961.760009765625
2236416,1311.8505859375,952.5499877929688
2240512,1272.3759765625,952.5499877929688
2244608,1250.2291259765625,952.5499877929688
2248704,1241.4205322265625,948.6699829101562
2252800,1251.6826171875,948.6699829101562
2256896,1221.8070068359375,948.6699829101562
2260992,1224.3846435546875,948.6699829101562
2265088,1191.4149169921875,948.6699829101562
2269184,1195.96240234375,948.6699829101562
2273280,1168.431884765625,948.6699829101562
2277376,1167.5697021484375,948.6699829101562
2281472,1174.769287109375,944.4099731445312
2285568,1178.0594482421875,944.4099731445312
2289664,1201.146728515625,949.7000122070312
2293760,1196.3631591796875,956.0
2297856,1230.9681396484375,966.8800048828125
2301952,1232.1510009765625,966.8800048828125
2306048,1242.401123046875,967.4600219726562
2310144,1261.8045654296875,972.72998046875
2314240,1305.8125,973.5700073242188
2318336,1327.5750732421875,973.5700073242188
2322432,1386.4703369140625,973.5700073242188
2326528,1395.74072265625,973.5700073242188
2330624,1428.661376953125,973.8800048828125
2334720,1438.7408447265625,973.8800048828125
2338816,1508.2164306640625,982.780029296875
2342912,1511.461669921875,981.4299926757812
2347008,1547.087890625,985.3099975585938
2351104,1552.68212890625,985.1699829101562
2355200,1585.16748046875,985.1699829101562
2359296,1604.703857421875,980.5800170898438
2363392,1627.6531982421875,974.1799926757812
2367488,1625.0457763671875,974.1799926757812
2371584,1641.4542236328125,969.2000122070312
2375680,1646.0302734375,969.2000122070312
2379776,1655.1802978515625,973.4600219726562
2383872,1646.5174560546875,964.5
2387968,1658.4815673828125,969.8300170898438
2392064,1686.532958984375,969.8300170898438
2396160,1680.9189453125,969.8300170898438
2400256,1686.1241455078125,969.8300170898438
2404352,1705.196044921875,969.8300170898438
2408448,1689.7108154296875,973.5800170898438
2412544,1687.8211669921875,973.5800170898438
2416640,1664.349365234375,972.719970703125
2420736,1662.5504150390625,972.719970703125
2424832,1673.0364990234375,969.77001953125
2428928,1675.8897705078125,969.77001953125
2433024,1670.3134765625,969.77001953125
2437120,1681.3565673828125,971.1199951171875
2441216,1678.106201171875,971.1199951171875
2445312,1686.0989990234375,971.260009765625
2449408,1684.8330078125,971.260009765625
2453504,1695.766357421875,975.8499755859375
2457600,1695.0865478515625,975.8499755859375
2461696,1716.98193359375,982.25
2465792,1716.8936767578125,982.25
2469888,1739.38623046875,987.22998046875
2473984,1736.8319091796875,987.22998046875
2478080,1730.41943359375,985.260009765625
2482176,1748.7904052734375,994.219970703125
2486272,1745.00146484375,994.219970703125
2490368,1744.13671875,994.1400146484375
2494464,1748.474853515625,994.1400146484375
2498560,1755.6397705078125,994.1400146484375
2502656,1752.1180419921875,994.1400146484375
2506752,1761.24267578125,994.1400146484375
2510848,1776.6590576171875,994.1400146484375
2514944,1790.8236083984375,982.5
2519040,1798.4072265625,982.5
2523136,1793.7088623046875,985.4500122070312
2527232,1802.8739013671875,985.4500122070312
2531328,1788.2442626953125,985.4500122070312
2535424,1788.1884765625,985.4500122070312
2539520,1794.458740234375,985.4500122070312
2543616,1797.013671875,985.4500122070312
2547712,1796.632080078125,985.4500122070312
2551808,1795.8453369140625,985.4500122070312
2555904,1803.931884765625,985.4500122070312
2560000,1767.84033203125,970.0900268554688
2564096,1757.8455810546875,970.0900268554688
2568192,1763.9615478515625,966.5499877929688
2572288,1768.0999755859375,968.52001953125
2576384,1773.800537109375,968.52001953125
2580480,1758.52978515625,961.739990234375
2584576,1757.233154296875,961.8200073242188
2588672,1753.7578125,961.8200073242188
2592768,1747.9237060546875,961.8200073242188
2596864,1743.040283203125,961.8200073242188
2600960,1744.1077880859375,961.8200073242188
2605056,1744.90771484375,961.8200073242188
2609152,1751.9974365234375,971.1300048828125
2613248,1758.863525390625,974.3200073242188
2617344,1739.5709228515625,964.8200073242188
2621440,1744.696044921875,964.8200073242188
2625536,1759.2283935546875,964.8200073242188
2629632,1755.1387939453125,960.5999755859375
2633728,1752.113037109375,960.5999755859375
2637824,1747.5399169921875,960.5999755859375
2641920,1736.4036865234375,960.5999755859375
2646016,1725.351806640625,955.8900146484375
2650112,1722.009521484375,955.8900146484375
2654208,1741.2252197265625,965.1199951171875
2658304,1750.9979248046875,969.239990234375
2662400,1724.9444580078125,956.1799926757812
2666496,1722.3072509765625,958.0900268554688
2670592,1730.5009765625,958.0900268554688
2674688,1744.408935546875,964.8699951171875
2678784,1743.1898193359375,964.8699951171875
2682880,1756.6162109375,964.8699951171875
2686976,1756.61328125,964.8699951171875
2691072,1768.130859375,964.8699951171875
2695168,1773.8492431640625,964.8699951171875
2699264,1744.3934326171875,955.8599853515625
2703360,1746.751220703125,955.8599853515625
2707456,1745.3038330078125,955.8599853515625
2711552,1745.70703125,955.8599853515625
2715648,1776.7398681640625,965.3599853515625
2719744,1776.5533447265625,965.3599853515625
2723840,1782.68408203125,965.3599853515625
2727936,1796.864013671875,969.5800170898438
2732032,1798.38427734375,969.5800170898438
2736128,1810.3004150390625,969.5800170898438
2740224,1809.9373779296875,969.5800170898438
2744320,1816.9705810546875,974.2899780273438
2748416,1817.9095458984375,974.2899780273438
2752512,1825.2864990234375,974.2899780273438
2756608,1839.2708740234375,976.2999877929688
2760704,1847.5133056640625,980.4600219726562
2764800,1875.5010986328125,990.989990234375
2768896,1875.6787109375,990.989990234375
2772992,1877.36279296875,990.989990234375
2777088,1885.6993408203125,990.989990234375
2781184,1885.0938720703125,990.989990234375
2785280,1891.94580078125,990.989990234375
2789376,1884.6390380859375,990.989990234375
2793472,1886.1351318359375,990.989990234375
2797568,1884.1744384765625,990.989990234375
2801664,1905.58984375,1000.0
2805760,1911.464111328125,1000.0
2809856,1921.1307373046875,1000.0
2813952,1912.0263671875,1000.0
2818048,1913.34375,1000.0
2822144,1911.237548828125,1000.0
2826240,1913.741943359375,1000.0
2830336,1914.719970703125,1000.0
2834432,1912.583251953125,1000.0
2838528,1918.30078125,1000.0
2842624,1917.25439453125,1000.0
2846720,1910.149169921875,1000.0
2850816,1901.0826416015625,1000.0
2854912,1887.2509765625,997.8800048828125
2859008,1891.0938720703125,997.8800048828125
2863104,1884.5543212890625,997.8800048828125
2867200,1881.117431640625,997.8800048828125
2871296,1875.4639892578125,997.8800048828125
2875392,1873.8427734375,997.8800048828125
2879488,1875.4891357421875,997.8800048828125
2883584,1869.8358154296875,997.8800048828125
2887680,1870.8765869140625,997.8800048828125
2891776,1881.0416259765625,997.8800048828125
2895872,1880.9730224609375,997.8800048828125
2899968,1887.142578125,992.760009765625
2904064,1887.2791748046875,992.760009765625
2908160,1889.255126953125,990.8599853515625
2912256,1889.7373046875,990.8599853515625
2916352,1891.5361328125,990.8599853515625
2920448,1890.3045654296875,989.9000244140625
2924544,1891.79833984375,989.9000244140625
2928640,1888.1446533203125,989.9000244140625
2932736,1886.416015625,989.9000244140625
2936832,1884.949462890625,989.9000244140625
2940928,1885.155029296875,989.9000244140625
2945024,1886.436767578125,984.969970703125
2949120,1863.9058837890625,984.969970703125
2953216,1872.1959228515625,983.989990234375
2957312,1868.2003173828125,983.989990234375
2961408,1874.8350830078125,983.989990234375
2965504,1883.5089111328125,983.989990234375
2969600,1883.1982421875,983.989990234375
2973696,1869.8238525390625,982.0999755859375
2977792,1876.7559814453125,981.6199951171875
2981888,1876.2606201171875,981.6199951171875
2985984,1876.69775390625,981.6199951171875
2990080,1877.4063720703125,981.6199951171875
2994176,1878.4697265625,981.6199951171875
2998272,1889.1956787109375,986.739990234375
3002368,1889.307861328125,986.739990234375
3006464,1894.0504150390625,988.6400146484375
3010560,1895.302734375,988.6400146484375
3014656,1899.4268798828125,988.6400146484375
3018752,1900.4088134765625,988.6400146484375
3022848,1904.041259765625,989.5999755859375
3026944,1911.8228759765625,989.5999755859375
3031040,1914.3768310546875,989.5999755859375
3035136,1907.107421875,989.5999755859375
3039232,1906.8133544921875,989.5999755859375
3043328,1916.040283203125,994.530029296875
3047424,1944.690673828125,994.530029296875
3051520,1946.3143310546875,997.6300048828125
3055616,1951.5428466796875,997.6300048828125
3059712,1961.7626953125,997.6300048828125
3063808,1962.2012939453125,997.6300048828125
3067904,1967.24072265625,997.6300048828125
3072000,1968.3814697265625,997.6300048828125
3076096,1986.8154296875,1000.0
3080192,1987.6951904296875,1000.0
3084288,1986.573486328125,1000.0
3088384,1987.5257568359375,1000.0
3092480,1963.9627685546875,990.4500122070312
3096576,1965.423583984375,990.4500122070312
3100672,1967.068603515625,990.4500122070312
3104768,1967.9658203125,990.4500122070312
3108864,1969.0059814453125,990.4500122070312
3112960,1970.4423828125,990.4500122070312
3117056,1971.904296875,990.4500122070312
3121152,1972.810791015625,990.4500122070312
3125248,1971.324951171875,990.4500122070312
3129344,1953.840576171875,984.6199951171875
3133440,1964.698486328125,984.6199951171875
3137536,1966.0814208984375,984.6199951171875
3141632,1973.168212890625,984.6199951171875
3145728,1985.14453125,984.6199951171875
3149824,1987.0177001953125,984.6199951171875
3153920,1993.9744873046875,984.6199951171875
3158016,1997.4063720703125,984.6199951171875
3162112,1998.3597412109375,984.6199951171875
3166208,1998.892822265625,984.6199951171875
3170304,2003.201171875,984.6199951171875
3174400,2003.51171875,984.6199951171875
3178496,2006.9075927734375,984.6199951171875
3182592,2009.6475830078125,984.6199951171875
3186688,2010.7373046875,984.6199951171875
3190784,2035.937744140625,994.1699829101562
3194880,2035.3011474609375,994.1699829101562
3198976,2035.352783203125,994.1699829101562
3203072,2030.64404296875,994.1699829101562
3207168,2031.089599609375,994.1699829101562
3211264,2033.037841796875,994.1699829101562
3215360,2033.72900390625,994.1699829101562
3219456,2034.741943359375,994.1699829101562
3223552,2038.9176025390625,994.1699829101562
3227648,2057.3427734375,1000.0
3231744,2059.285888671875,1000.0
3235840,2064.332763671875,1000.0
3239936,2064.749755859375,1000.0
3244032,2065.897705078125,1000.0
3248128,2066.880126953125,1000.0
3252224,2067.979736328125,1000.0
3256320,2069.177734375,1000.0
3260416,2071.1875,1000.0
3264512,2072.173828125,1000.0
3268608,2069.7197265625,1000.0
3272704,2067.34033203125,1000.0
3276800,2042.0509033203125,990.3699951171875
3280896,1981.8001708984375,961.7999877929688
3284992,1962.574951171875,952.219970703125
3289088,1962.7723388671875,952.219970703125
3293184,1964.1734619140625,952.219970703125
3297280,1968.50927734375,952.219970703125
3301376,1967.3076171875,952.219970703125
3305472,1967.4853515625,952.219970703125
3309568,1968.150390625,952.219970703125
3313664,1962.6163330078125,952.219970703125
3317760,1963.447509765625,952.219970703125
3321856,1964.20458984375,952.219970703125
3325952,1967.103759765625,952.219970703125
3330048,1966.0716552734375,952.219970703125
3334144,1933.2161865234375,952.219970703125
3338240,1935.135986328125,952.219970703125
3342336,1935.2044677734375,952.219970703125
3346432,1915.062255859375,942.8599853515625
3350528,1905.210693359375,938.3200073242188
3354624,1904.5916748046875,938.3200073242188
3358720,1884.3125,928.8800048828125
3362816,1886.8623046875,928.8800048828125
3366912,1883.626708984375,928.8800048828125
3371008,1908.572265625,938.510009765625
3375104,1916.8623046875,942.030029296875
3379200,1971.555908203125,970.8300170898438
3383296,1968.3826904296875,970.8300170898438
3387392,1960.50732421875,970.8300170898438
3391488,1945.6466064453125,970.8300170898438
3395584,1898.2691650390625,951.760009765625
3399680,1891.94873046875,951.760009765625
3403776,1880.5257568359375,951.760009765625
3407872,1883.61181640625,951.760009765625
3411968,1871.7421875,951.760009765625
3416064,1865.9056396484375,951.760009765625
3420160,1850.6143798828125,951.760009765625
3424256,1836.3369140625,949.2000122070312
3428352,1870.5596923828125,949.2000122070312
3432448,1860.60595703125,949.2000122070312
3436544,1851.9444580078125,949.2000122070312
3440640,1854.6866455078125,958.5599975585938
3444736,1860.439208984375,963.0999755859375
3448832,1860.5631103515625,963.0999755859375
3452928,1860.522216796875,963.0999755859375
3457024,1881.1580810546875,972.5399780273438
3461120,1887.6358642578125,972.5399780273438
3465216,1887.31201171875,972.5399780273438
3469312,1889.1083984375,972.5399780273438
3473408,1907.862060546875,978.3699951171875
3477504,1908.546142578125,978.3699951171875
3481600,1912.0528564453125,978.3699951171875
3485696,1922.867431640625,978.3699951171875
3489792,1934.822021484375,978.3699951171875
3493888,1981.70458984375,997.4400024414062
3497984,1989.7476806640625,997.4400024414062
3502080,1996.9747314453125,997.4400024414062
3506176,2003.28271484375,997.4400024414062
3510272,1990.79150390625,987.9500122070312
3514368,1997.8515625,987.9500122070312
3518464,2013.2108154296875,987.9500122070312
3522560,2018.1236572265625,987.9500122070312
3526656,2027.6612548828125,990.510009765625
3530752,2036.6353759765625,990.510009765625
3534848,2038.4197998046875,990.510009765625
3538944,2053.49951171875,990.510009765625
3543040,2059.275146484375,990.510009765625
3547136,2061.8759765625,990.510009765625
3551232,2056.862548828125,990.510009765625
3555328,2057.688232421875,990.510009765625
3559424,2058.635009765625,990.510009765625
3563520,2059.646240234375,990.510009765625
3567616,2060.80224609375,990.510009765625
3571712,2062.0546875,990.510009765625
3575808,2062.79296875,990.510009765625
3579904,2065.743896484375,990.510009765625
3584000,2066.37548828125,990.510009765625
3588096,2065.86083984375,990.510009765625
3592192,2069.29736328125,990.510009765625
3596288,2062.56201171875,990.510009765625
3600384,2060.02392578125,990.510009765625
3604480,2060.33056640625,990.510009765625
3608576,2083.696044921875,1000.0
3612672,2081.062744140625,1000.0
3616768,2081.80078125,1000.0
3620864,2082.639404296875,1000.0
3624960,2083.135986328125,1000.0
3629056,2083.662353515625,1000.0
3633152,2084.433837890625,1000.0
3637248,2093.519775390625,1000.0
3641344,2094.779296875,1000.0
3645440,2095.114013671875,1000.0
3649536,2098.203369140625,1000.0
3653632,2099.9658203125,1000.0
3657728,2100.63623046875,1000.0
3661824,2099.871826171875,1000.0
3665920,2094.66259765625,997.6099853515625
3670016,2095.15380859375,997.6099853515625
3674112,2087.318359375,993.8200073242188
3678208,2087.76123046875,993.8200073242188
3682304,2088.043701171875,993.8200073242188
3686400,2089.373291015625,993.8200073242188
3690496,2089.05859375,993.8200073242188
3694592,2089.742919921875,993.8200073242188
3698688,2102.9072265625,993.8200073242188
3702784,2101.84375,993.8200073242188
3706880,2096.56201171875,993.8200073242188
3710976,2102.69580078125,993.8200073242188
3715072,2103.562255859375,993.8200073242188
3719168,2104.32568359375,993.8200073242188
3723264,2105.8994140625,993.8200073242188
3727360,2107.853759765625,993.8200073242188
3731456,2108.28271484375,993.8200073242188
3735552,2108.565185546875,993.8200073242188
3739648,2108.6630859375,993.8200073242188
3743744,2108.60546875,993.8200073242188
3747840,2109.277099609375,993.8200073242188
3751936,2111.683349609375,993.8200073242188
3756032,2111.868408203125,993.8200073242188
3760128,2113.594482421875,993.8200073242188
3764224,2113.092041015625,993.8200073242188
3768320,2119.447998046875,996.2100219726562
3772416,2127.142333984375,1000.0
3776512,2099.59716796875,990.4199829101562
3780608,2097.081298828125,990.4199829101562
3784704,2096.884765625,990.4199829101562
3788800,2098.48583984375,990.4199829101562
3792896,2097.749755859375,990.4199829101562
3796992,2098.271484375,990.4199829101562
3801088,2100.376708984375,990.4199829101562
3805184,2106.189453125,990.4199829101562
3809280,2107.001708984375,990.4199829101562
3813376,2107.9345703125,990.4199829101562
3817472,2108.091064453125,990.4199829101562
3821568,2107.419189453125,990.4199829101562
3825664,2086.849365234375,980.75
3829760,2086.8369140625,980.75
3833856,2087.222900390625,980.75
3837952,2087.68994140625,980.75
3842048,2088.081298828125,980.75
3846144,2088.25634765625,980.75
3850240,2089.058349609375,980.75
3854336,2089.083740234375,980.75
3858432,2089.518310546875,980.75
3862528,2084.94873046875,980.75
3866624,2083.527587890625,980.75
3870720,2083.69873046875,980.75
3874816,2101.013427734375,990.3300170898438
3878912,2093.667724609375,990.3300170898438
3883008,2090.67578125,990.3300170898438
3887104,2049.054443359375,971.4400024414062
3891200,2046.205078125,971.4400024414062
3895296,2045.7783203125,971.4400024414062
3899392,2043.1014404296875,971.4400024414062
3903488,2042.9769287109375,971.4400024414062
3907584,2035.8642578125,971.4400024414062
3911680,2035.0252685546875,971.4400024414062
3915776,2035.5369873046875,971.4400024414062
3919872,2034.13427734375,971.4400024414062
3923968,2055.439453125,981.1099853515625
3928064,2055.699462890625,981.1099853515625
3932160,2055.0283203125,981.1099853515625
3936256,2054.47509765625,981.1099853515625
3940352,2054.464599609375,981.1099853515625
3944448,2048.876953125,981.1099853515625
3948544,2048.459228515625,981.1099853515625
3952640,2049.1474609375,981.1099853515625
3956736,2048.39453125,981.1099853515625
3960832,2052.005126953125,981.1099853515625
3964928,2052.286376953125,981.1099853515625
3969024,2052.62939453125,981.1099853515625
3973120,2063.246826171875,981.1099853515625
3977216,2073.52734375,981.1099853515625
3981312,2074.97705078125,981.1099853515625
3985408,2116.211181640625,1000.0
3989504,2113.949462890625,1000.0
3993600,2098.804443359375,993.8599853515625
3997696,2101.690185546875,993.8599853515625
4001792,2102.2216796875,993.8599853515625
4005888,2104.408935546875,993.8599853515625
4009984,2107.335693359375,993.8599853515625
4014080,2106.06103515625,993.8599853515625
4018176,2106.50341796875,993.8599853515625
4022272,2106.46923828125,993.8599853515625
4026368,2106.838134765625,993.8599853515625
4030464,2107.9345703125,993.8599853515625
4034560,2106.46728515625,993.8599853515625
4038656,2106.775146484375,993.8599853515625
4042752,2107.971435546875,993.8599853515625
4046848,2106.019287109375,993.8599853515625
4050944,2102.9248046875,993.8599853515625
4055040,2102.417236328125,993.8599853515625
4059136,2093.455322265625,993.8599853515625
4063232,2094.11669921875,993.8599853515625
4067328,2094.21044921875,993.8599853515625
4071424,2094.5810546875,993.8599853515625
4075520,2095.88623046875,993.8599853515625
4079616,2095.91796875,993.8599853515625
4083712,2097.206787109375,993.8599853515625
4087808,2100.17822265625,993.8599853515625
4091904,2104.62548828125,993.8599853515625
4096000,2118.48095703125,1000.0
4100096,2097.019287109375,990.4400024414062
4104192,2099.244140625,990.4400024414062
4108288,2099.0703125,990.4400024414062
4112384,2101.9921875,990.4400024414062
4116480,2102.22607421875,990.4400024414062
4120576,2102.266357421875,990.4400024414062
4124672,2102.27783203125,990.4400024414062
4128768,2102.353759765625,990.4400024414062
4132864,2104.5751953125,990.4400024414062
4136960,2084.41796875,981.0999755859375
4141056,2088.90234375,981.0999755859375
4145152,2092.3642578125,981.0999755859375
4149248,2094.161865234375,981.0999755859375
4153344,2098.048095703125,981.0999755859375
4157440,2107.38525390625,981.0999755859375
4161536,2107.448974609375,981.0999755859375
4165632,2107.146240234375,981.0999755859375
4169728,2107.538330078125,981.0999755859375
4173824,2107.780517578125,981.0999755859375
4177920,2108.856201171875,981.0999755859375
4182016,2108.728759765625,981.0999755859375
4186112,2110.20166015625,981.0999755859375
4190208,2110.265625,981.0999755859375
4194304,2089.687744140625,971.5999755859375
4198400,2089.607177734375,971.5999755859375
4202496,2111.3212890625,981.1599731445312
4206592,2111.833251953125,981.1599731445312
4210688,2090.511474609375,972.2899780273438
4214784,2090.705078125,972.2899780273438
4218880,2090.953369140625,972.2899780273438
4222976,2069.912353515625,962.9400024414062
4227072,2070.237060546875,962.9400024414062
4231168,2070.101806640625,962.9400024414062
4235264,2090.176025390625,972.280029296875
4239360,2090.132568359375,972.280029296875
4243456,2069.46826171875,962.75
4247552,2069.553955078125,962.75
4251648,2070.138427734375,962.75
4255744,2069.818359375,962.75
4259840,2070.99462890625,962.75
4263936,2071.3603515625,962.75
4268032,2071.14892578125,962.75
4272128,2071.367919921875,962.75
4276224,2071.5556640625,962.75
4280320,2071.44970703125,962.75
4284416,2050.037841796875,953.219970703125
4288512,2047.261962890625,953.219970703125
4292608,2068.1484375,962.719970703125
4296704,2067.875244140625,962.719970703125
4300800,2068.179931640625,962.719970703125
4304896,2089.71044921875,971.5900268554688
4308992,2090.145751953125,971.5900268554688
4313088,2089.7431640625,971.5900268554688
4317184,2089.9306640625,971.5900268554688
4321280,2109.580078125,980.9400024414062
4325376,2109.4521484375,980.9400024414062
4329472,2110.8466796875,980.9400024414062
4333568,2110.88427734375,980.9400024414062
4337664,2107.48486328125,980.9400024414062
4341760,2107.360595703125,980.9400024414062
4345856,2127.864990234375,990.469970703125
4349952,2125.72021484375,990.469970703125
4354048,2120.8349609375,990.469970703125
4358144,2098.00634765625,980.8300170898438
4362240,2069.208740234375,980.8300170898438
4366336,2069.18798828125,980.8300170898438
4370432,2055.24365234375,980.8300170898438
4374528,2054.25830078125,980.8300170898438
4378624,2053.391357421875,980.8300170898438
4382720,2052.3857421875,980.8300170898438
4386816,2067.13037109375,990.3599853515625
4390912,2067.5341796875,990.3599853515625
4395008,2067.335205078125,990.3599853515625
4399104,2067.326416015625,990.3599853515625
4403200,2065.995361328125,990.3599853515625
4407296,2065.931640625,990.3599853515625
4411392,2059.051513671875,989.0900268554688
4415488,2059.22900390625,989.0900268554688
4419584,2060.14794921875,989.0900268554688
4423680,2060.2958984375,989.0900268554688
4427776,2060.269775390625,989.0900268554688
4431872,2039.2220458984375,979.4400024414062
4435968,2043.3204345703125,979.4400024414062
4440064,2043.5118408203125,979.4400024414062
4444160,2044.009033203125,979.4400024414062
4448256,2041.6776123046875,979.4400024414062
4452352,2032.688232421875,973.3699951171875
4456448,2033.870361328125,973.3699951171875
4460544,2042.33203125,963.6699829101562
4464640,2049.4033203125,963.6699829101562
4468736,2054.89990234375,963.6699829101562
4472832,2050.125244140625,963.6699829101562
4476928,2026.6075439453125,954.2100219726562
4481024,2032.4893798828125,954.2100219726562
4485120,2031.88427734375,954.2100219726562
4489216,2030.94970703125,954.2100219726562
4493312,2024.534423828125,954.2100219726562
4497408,2023.3572998046875,954.2100219726562
4501504,2021.2061767578125,955.47998046875
4505600,2013.886962890625,955.47998046875
4509696,1998.8570556640625,947.02001953125
4513792,1999.676513671875,947.02001953125
4517888,1999.533203125,947.02001953125
4521984,1999.38818359375,947.02001953125
4526080,1985.6097412109375,941.77001953125
4530176,1964.0992431640625,932.239990234375
4534272,1922.459228515625,913.530029296875
4538368,1922.6029052734375,913.530029296875
4542464,1943.5438232421875,921.0599975585938
4546560,1944.039794921875,921.0599975585938
4550656,1963.3392333984375,930.760009765625
4554752,1942.378662109375,921.3800048828125
4558848,1921.861572265625,911.9400024414062
4562944,1909.9925537109375,911.9400024414062
4567040,1936.016357421875,921.4000244140625
4571136,1936.2274169921875,921.4000244140625
4575232,1940.540771484375,921.4000244140625
4579328,1941.08984375,921.4000244140625
4583424,1946.4239501953125,921.4000244140625
4587520,1949.7978515625,921.4000244140625
4591616,1954.003173828125,921.4000244140625
4595712,1956.8941650390625,921.4000244140625
4599808,1964.4527587890625,921.4000244140625
4603904,1951.3297119140625,919.5999755859375
4608000,1930.997314453125,910.3200073242188
4612096,1930.408203125,910.3200073242188
4616192,1952.5096435546875,920.0
4620288,1965.5740966796875,925.219970703125
4624384,1986.7962646484375,934.530029296875
4628480,1986.827880859375,934.280029296875
4632576,1986.9586181640625,934.280029296875
4636672,1981.501953125,932.8400268554688
4640768,1981.2265625,932.8400268554688
4644864,1983.0679931640625,932.8400268554688
4648960,2004.784423828125,942.219970703125
4653056,2026.8489990234375,951.6599731445312
4657152,2039.7542724609375,951.6599731445312
4661248,2041.774658203125,951.6599731445312
4665344,2041.7755126953125,951.6599731445312
4669440,2040.0406494140625,951.6599731445312
4673536,2039.890625,951.6599731445312
4677632,2037.7335205078125,951.6599731445312
4681728,2038.21044921875,951.6599731445312
4685824,2038.83349609375,951.6599731445312
4689920,2038.40869140625,951.6599731445312
4694016,2038.826416015625,951.6599731445312
4698112,2059.66259765625,961.260009765625
4702208,2091.5986328125,971.2000122070312
4706304,2091.351318359375,971.2000122070312
4710400,2090.859130859375,971.2000122070312
4714496,2091.356689453125,971.2000122070312
4718592,2090.3837890625,971.2000122070312
4722688,2111.638671875,980.6400146484375
4726784,2133.456787109375,990.3800048828125
4730880,2132.498291015625,990.3800048828125
4734976,2156.983642578125,1000.0
4739072,2157.16162109375,1000.0
4743168,2136.845703125,990.3200073242188
4747264,2137.107666015625,990.3200073242188
4751360,2137.84423828125,990.3200073242188
4755456,2138.035888671875,990.3200073242188
4759552,2141.040283203125,990.3200073242188
4763648,2141.10791015625,990.3200073242188
4767744,2143.021240234375,990.3200073242188
4771840,2143.6962890625,990.3200073242188
4775936,2146.06005859375,990.3200073242188
4780032,2146.606689453125,990.3200073242188
4784128,2146.45263671875,990.3200073242188
4788224,2146.818603515625,990.3200073242188
4792320,2146.7724609375,990.3200073242188
4796416,2147.603759765625,990.3200073242188
4800512,2147.98193359375,990.3200073242188
4804608,2148.274169921875,990.3200073242188
4808704,2148.35595703125,990.3200073242188
4812800,2150.230712890625,990.3200073242188
4816896,2142.2099609375,990.3200073242188
4820992,2142.806884765625,990.3200073242188
4825088,2142.8427734375,990.3200073242188
4829184,2144.02294921875,990.3200073242188
4833280,2144.170654296875,990.3200073242188
4837376,2165.918212890625,1000.0
4841472,2166.207275390625,1000.0
4845568,2144.483154296875,990.469970703125
4849664,2144.4912109375,990.469970703125
4853760,2144.914306640625,990.469970703125
4857856,2145.123779296875,990.469970703125
4861952,2144.699951171875,990.469970703125
4866048,2144.421875,990.469970703125
4870144,2144.912353515625,990.469970703125
4874240,2145.009033203125,990.469970703125
4878336,2144.359375,990.469970703125
4882432,2139.86865234375,990.469970703125
4886528,2140.97265625,990.469970703125
4890624,2119.582275390625,980.9000244140625
4894720,2070.24658203125,971.3699951171875
4898816,2070.145263671875,971.3699951171875
4902912,2070.04833984375,971.3699951171875
4907008,2070.25634765625,971.3699951171875
4911104,2070.48876953125,971.3699951171875
4915200,2079.55126953125,971.3699951171875
4919296,2079.364013671875,971.3699951171875
4923392,2079.572021484375,971.3699951171875
4927488,2080.116455078125,971.3699951171875
4931584,2080.259033203125,971.3699951171875
4935680,2080.31640625,971.3699951171875
4939776,2080.53271484375,971.3699951171875
4943872,2102.22998046875,980.9000244140625
4947968,2102.50537109375,980.9000244140625
4952064,2101.971923828125,980.9000244140625
4956160,2101.93408203125,980.9000244140625
4960256,2100.150146484375,980.9000244140625
4964352,2095.935791015625,980.9000244140625
4968448,2095.598876953125,980.9000244140625
4972544,2093.58203125,980.9000244140625
4976640,2093.58935546875,980.9000244140625
4980736,2097.956298828125,980.9000244140625
4984832,2097.8037109375,980.9000244140625
4988928,2144.514404296875,990.469970703125
4993024,2166.123779296875,1000.0
4997120,2166.33203125,1000.0
5001216,2166.1640625,1000.0
5005312,2165.635498046875,1000.0
5009408,2143.955078125,990.3599853515625
5013504,2143.94140625,990.3599853515625
5017600,2144.00732421875,990.3599853515625
5021696,2140.973876953125,990.3599853515625
5025792,2141.0556640625,990.3599853515625
5029888,2140.094970703125,990.3599853515625
5033984,2140.33935546875,990.3599853515625
5038080,2140.023681640625,990.3599853515625
5042176,2140.012451171875,990.3599853515625
5046272,2140.2236328125,990.3599853515625
5050368,2137.904541015625,990.3599853515625
5054464,2139.51171875,990.3599853515625
5058560,2140.54150390625,990.3599853515625
5062656,2145.865234375,990.3599853515625
5066752,2145.888916015625,990.3599853515625
5070848,2148.353515625,990.3599853515625
5074944,2148.562744140625,990.3599853515625
5079040,2149.4921875,990.3599853515625
5083136,2149.4716796875,990.3599853515625
5087232,2151.054931640625,990.3599853515625
5091328,2151.4677734375,990.3599853515625
5095424,2151.4130859375,990.3599853515625
5099520,2151.783935546875,990.3599853515625
5103616,2151.812255859375,990.3599853515625
5107712,2152.540771484375,990.3599853515625
5111808,2174.302490234375,1000.0
5115904,2174.50830078125,1000.0
5120000,2177.34716796875,1000.0
5124096,2177.6494140625,1000.0
5128192,2178.6767578125,1000.0
5132288,2178.66748046875,1000.0
5136384,2178.860107421875,1000.0
5140480,2179.4873046875,1000.0
5144576,2179.58349609375,1000.0
5148672,2182.179443359375,1000.0
5152768,2182.219482421875,1000.0
5156864,2151.323486328125,990.6400146484375
5160960,2151.002685546875,990.6400146484375
5165056,2129.553955078125,981.02001953125
5169152,2129.77294921875,981.02001953125
5173248,2130.059326171875,981.02001953125
5177344,2129.8603515625,981.02001953125
5181440,2132.13232421875,981.02001953125
5185536,2132.1015625,981.02001953125
5189632,2109.9619140625,971.9299926757812
5193728,2110.083251953125,971.9299926757812
5197824,2110.335693359375,971.9299926757812
5201920,2110.44873046875,971.9299926757812
5206016,2110.8759765625,971.9299926757812
5210112,2110.9326171875,971.9299926757812
5214208,2111.31591796875,971.9299926757812
5218304,2111.4541015625,971.9299926757812
5222400,2110.603759765625,971.9299926757812
5226496,2110.6591796875,971.9299926757812
5230592,2110.3095703125,971.9299926757812
5234688,2110.260986328125,971.9299926757812
5238784,2110.186767578125,971.9299926757812
5242880,2110.234130859375,971.9299926757812
5246976,2110.4501953125,971.9299926757812
5251072,2108.43505859375,971.9299926757812
5255168,2129.339111328125,981.2899780273438
5259264,2138.2548828125,981.2899780273438
5263360,2139.333984375,981.4299926757812
5267456,2139.208984375,981.4299926757812
5271552,2138.99169921875,981.4299926757812
5275648,2139.43115234375,981.4299926757812
5279744,2139.252197265625,981.4299926757812
5283840,2139.326416015625,981.4299926757812
5287936,2139.820556640625,981.4299926757812
5292032,2162.474853515625,990.52001953125
5296128,2162.548095703125,990.52001953125
5300224,2162.33935546875,990.52001953125
5304320,2162.56494140625,990.52001953125
5308416,2162.691162109375,990.52001953125
5312512,2162.884765625,990.52001953125
5316608,2164.180419921875,990.52001953125
5320704,2164.19287109375,990.52001953125
5324800,2164.73193359375,990.52001953125
5328896,2164.216064453125,990.52001953125
5332992,2163.8720703125,990.52001953125
5337088,2162.934326171875,990.52001953125
5341184,2163.1298828125,990.52001953125
5345280,2163.148681640625,990.52001953125
5349376,2165.5537109375,990.52001953125
5353472,2165.68701171875,990.52001953125
5357568,2167.345703125,990.52001953125
5361664,2167.25341796875,990.52001953125
5365760,2188.417724609375,1000.0
5369856,2188.474853515625,1000.0
5373952,2188.787109375,1000.0
5378048,2188.67431640625,1000.0
5382144,2189.05615234375,1000.0
5386240,2189.073486328125,1000.0
5390336,2189.233154296875,1000.0
5394432,2189.07421875,1000.0
5398528,2189.740234375,1000.0
5402624,2189.894775390625,1000.0
5406720,2190.132080078125,1000.0
5410816,2190.310302734375,1000.0
5414912,2190.60107421875,1000.0
5419008,2190.69775390625,1000.0
5423104,2190.888671875,1000.0
5427200,2190.902099609375,1000.0
5431296,2192.649658203125,1000.0
5435392,2193.294921875,1000.0
5439488,2194.516845703125,1000.0
5443584,2194.708740234375,1000.0
5447680,2194.80712890625,1000.0
5451776,2194.013671875,1000.0
5455872,2194.603515625,1000.0
5459968,2194.853759765625,1000.0
5464064,2195.24462890625,1000.0
5468160,2195.689453125,1000.0
5472256,2193.6943359375,1000.0
5476352,2193.89697265625,1000.0
5480448,2193.948974609375,1000.0
5484544,2194.230224609375,1000.0
5488640,2194.08251953125,1000.0
5492736,2194.706298828125,1000.0
5496832,2194.304443359375,1000.0
5500928,2194.12646484375,1000.0
5505024,2194.315185546875,1000.0
5509120,2194.447265625,1000.0
5513216,2186.878662109375,1000.0
5517312,2185.93505859375,1000.0
5521408,2186.03076171875,1000.0
5525504,2185.384765625,1000.0
5529600,2185.407470703125,1000.0
5533696,2185.55517578125,1000.0
5537792,2185.77392578125,1000.0
5541888,2185.26708984375,1000.0
5545984,2185.23486328125,1000.0
5550080,2186.2275390625,1000.0
5554176,2186.10498046875,1000.0
5558272,2185.23681640625,1000.0
5562368,2185.160400390625,1000.0
5566464,2185.50390625,1000.0
5570560,2187.6142578125,1000.0
5574656,2187.335693359375,1000.0
5578752,2187.488525390625,1000.0
5582848,2187.6572265625,1000.0
5586944,2187.726318359375,1000.0
5591040,2187.845947265625,1000.0
5595136,2187.765380859375,1000.0
5599232,2188.53564453125,1000.0
5603328,2188.513671875,1000.0
5607424,2188.132568359375,1000.0
5611520,2195.717041015625,1000.0
5615616,2195.780029296875,1000.0
5619712,2196.84033203125,1000.0
5623808,2196.31689453125,1000.0
5627904,2196.30224609375,1000.0
5632000,2196.136962890625,1000.0
5636096,2196.000732421875,1000.0
5640192,2196.374267578125,1000.0
5644288,2196.321044921875,1000.0
5648384,2196.396728515625,1000.0
5652480,2196.135009765625,1000.0
5656576,2195.607177734375,1000.0
5660672,2195.916259765625,1000.0
5664768,2195.7314453125,1000.0
5668864,2195.523681640625,1000.0
5672960,2196.072021484375,1000.0
5677056,2174.365234375,990.239990234375
5681152,2152.667724609375,980.8599853515625
5685248,2152.603515625,980.8599853515625
5689344,2124.36962890625,980.8599853515625
5693440,2124.544189453125,980.8599853515625
5697536,2123.733642578125,980.8599853515625
5701632,2123.16162109375,980.8599853515625
5705728,2123.1435546875,980.8599853515625
5709824,2122.12255859375,980.8599853515625
5713920,2122.215576171875,980.8599853515625
5718016,2123.63134765625,980.8599853515625
5722112,2123.576904296875,980.8599853515625
5726208,2124.093994140625,980.8599853515625
5730304,2124.126953125,980.8599853515625
5734400,2123.771240234375,980.8599853515625
5738496,2124.04443359375,980.8599853515625
5742592,2123.64892578125,980.8599853515625
5746688,2123.71337890625,980.8599853515625
5750784,2121.7900390625,980.8599853515625
5754880,2122.5390625,980.8599853515625
5758976,2123.428955078125,980.8599853515625
5763072,2123.126953125,980.8599853515625
5767168,2123.494384765625,980.8599853515625
5771264,2122.614501953125,980.8599853515625
5775360,2121.078857421875,980.8599853515625
5779456,2164.7568359375,1000.0
5783552,2164.7578125,1000.0
5787648,2192.93408203125,1000.0
5791744,2192.583251953125,1000.0
5795840,2192.967041015625,1000.0
5799936,2194.160888671875,1000.0
5804032,2194.691162109375,1000.0
5808128,2195.487548828125,1000.0
5812224,2196.52587890625,1000.0
5816320,2196.19775390625,1000.0
5820416,2196.097412109375,1000.0
5824512,2196.47412109375,1000.0
5828608,2174.76220703125,990.4400024414062
5832704,2174.971435546875,990.4400024414062
5836800,2175.196044921875,990.4400024414062
5840896,2175.617431640625,990.4400024414062
5844992,2176.15380859375,990.4400024414062
5849088,2176.445556640625,990.4400024414062
5853184,2178.658203125,990.4400024414062
5857280,2178.78564453125,990.4400024414062
5861376,2178.983642578125,990.4400024414062
5865472,2157.125,980.780029296875
5869568,2159.0078125,980.780029296875
5873664,2159.446044921875,980.780029296875
5877760,2159.7646484375,980.780029296875
5881856,2159.93701171875,980.780029296875
5885952,2160.632080078125,980.780029296875
5890048,2160.685546875,980.780029296875
5894144,2160.631591796875,980.780029296875
5898240,2160.7060546875,980.780029296875
5902336,2160.31689453125,980.780029296875
5906432,2160.224609375,980.780029296875
5910528,2160.459228515625,980.780029296875
5914624,2160.490234375,980.780029296875
5918720,2160.83935546875,980.780029296875
5922816,2160.65673828125,980.780029296875
5926912,2182.64990234375,990.3400268554688
5931008,2182.68115234375,990.3400268554688
5935104,2182.9658203125,990.3400268554688
5939200,2182.756591796875,990.3400268554688
5943296,2182.90966796875,990.3400268554688
5947392,2182.9130859375,990.3400268554688
5951488,2182.696044921875,990.3400268554688
5955584,2182.740966796875,990.3400268554688
5959680,2182.82861328125,990.3400268554688
5963776,2182.8017578125,990.3400268554688
5967872,2183.36767578125,990.489990234375
5971968,2183.57861328125,990.489990234375
5976064,2183.603759765625,990.489990234375
5980160,2183.5400390625,990.489990234375
5984256,2183.61962890625,990.489990234375
5988352,2183.487548828125,990.489990234375
5992448,2183.867919921875,990.489990234375
5996544,2183.77880859375,990.489990234375
6000640,2184.422119140625,990.489990234375
6004736,2184.276123046875,990.489990234375
6008832,2184.175537109375,990.489990234375
6012928,2184.005126953125,990.489990234375
6017024,2183.796142578125,990.489990234375
6021120,2183.847412109375,990.489990234375
6025216,2183.210205078125,990.489990234375
6029312,2183.265625,990.489990234375
6033408,2183.42138671875,990.489990234375
6037504,2183.742919921875,990.489990234375
6041600,2183.52099609375,990.489990234375
6045696,2183.556396484375,990.489990234375
6049792,2183.6982421875,990.489990234375
6053888,2182.75048828125,990.489990234375
6057984,2182.842529296875,990.489990234375
6062080,2183.326171875,990.489990234375
6066176,2183.3876953125,990.489990234375
6070272,2204.986328125,1000.0
6074368,2205.070556640625,1000.0
6078464,2203.65966796875,1000.0
6082560,2203.718017578125,1000.0
6086656,2203.899169921875,1000.0
6090752,2204.038330078125,1000.0
6094848,2204.06494140625,1000.0
6098944,2204.197265625,1000.0
6103040,2204.56103515625,1000.0
6107136,2204.66357421875,1000.0
6111232,2205.04736328125,1000.0
6115328,2205.276611328125,1000.0
6119424,2205.953125,1000.0
6123520,2206.68701171875,1000.0
6127616,2207.031494140625,1000.0
6131712,2207.20068359375,1000.0
6135808,2207.736572265625,1000.0
6139904,2207.8671875,1000.0
6144000,2208.338134765625,1000.0
6148096,2208.55126953125,1000.0
6152192,2208.373046875,1000.0
6156288,2209.548583984375,1000.0
6160384,2187.91796875,990.3099975585938
6164480,2165.63134765625,980.5999755859375
6168576,2165.928466796875,980.5999755859375
6172672,2167.262451171875,980.5999755859375
6176768,2167.40869140625,980.5999755859375
6180864,2167.13916015625,980.5999755859375
6184960,2167.310546875,980.5999755859375
6189056,2167.3876953125,980.5999755859375
6193152,2167.58935546875,980.5999755859375
6197248,2167.91357421875,980.5999755859375
6201344,2167.688232421875,980.5999755859375
6205440,2167.538330078125,980.5999755859375
6209536,2167.29931640625,980.5999755859375
6213632,2167.229248046875,980.5999755859375
6217728,2167.13427734375,980.5999755859375
6221824,2166.77685546875,980.5999755859375
6225920,2166.7783203125,980.5999755859375
6230016,2166.473388671875,980.5999755859375
6234112,2166.395751953125,980.5999755859375
6238208,2165.9541015625,980.5999755859375
6242304,2165.938720703125,980.5999755859375
6246400,2165.8271484375,980.5999755859375
6250496,2166.31884765625,980.5999755859375
6254592,2166.633056640625,980.5999755859375
6258688,2188.455810546875,990.2899780273438
6262784,2210.950927734375,1000.0
6266880,2210.948486328125,1000.0
6270976,2211.331298828125,1000.0
6275072,2211.234619140625,1000.0
6279168,2212.063720703125,1000.0
6283264,2212.100341796875,1000.0
6287360,2211.47900390625,1000.0
6291456,2211.445068359375,1000.0
6295552,2211.048828125,1000.0
6299648,2210.90234375,1000.0
6303744,2211.57958984375,1000.0
6307840,2211.834716796875,1000.0
6311936,2212.06884765625,1000.0
6316032,2212.086669921875,1000.0
6320128,2212.52880859375,1000.0
6324224,2212.55224609375,1000.0
6328320,2212.6328125,1000.0
6332416,2212.9248046875,1000.0
6336512,2213.12548828125,1000.0
6340608,2213.939453125,1000.0
6344704,2214.19189453125,1000.0
6348800,2214.010498046875,1000.0
6352896,2214.1943359375,1000.0
6356992,2214.486328125,1000.0
6361088,2214.75830078125,1000.0
6365184,2214.76708984375,1000.0
6369280,2213.96435546875,1000.0
6373376,2214.0556640625,1000.0
6377472,2214.0986328125,1000.0
6381568,2213.933349609375,1000.0
6385664,2214.83544921875,1000.0
6389760,2215.151611328125,1000.0
6393856,2215.2421875,1000.0
6397952,2215.607421875,1000.0
6402048,2215.52783203125,1000.0
6406144,2215.79736328125,1000.0
6410240,2215.92626953125,1000.0
6414336,2213.2587890625,1000.0
6418432,2213.39697265625,1000.0
6422528,2213.247802734375,1000.0
6426624,2213.16455078125,1000.0
6430720,2213.3544921875,1000.0
6434816,2213.522216796875,1000.0
6438912,2211.4833984375,1000.0
6443008,2211.44970703125,1000.0
6447104,2205.416259765625,1000.0
6451200,2203.482177734375,1000.0
6455296,2193.942138671875,1000.0
6459392,2193.885498046875,1000.0
6463488,2171.216064453125,990.4000244140625
6467584,2171.855224609375,990.4000244140625
6471680,2171.668701171875,990.4000244140625
6475776,2169.6884765625,990.4000244140625
6479872,2169.111572265625,990.4000244140625
6483968,2168.32666015625,990.4000244140625
6488064,2167.830322265625,990.4000244140625
6492160,2167.44384765625,990.4000244140625
6496256,2167.20556640625,990.4000244140625
6500352,2167.1689453125,990.4000244140625
6504448,2166.94970703125,990.4000244140625
6508544,2166.59423828125,990.4000244140625
6512640,2166.5478515625,990.4000244140625
6516736,2168.93310546875,990.4000244140625
6520832,2168.939697265625,990.4000244140625
6524928,2168.57958984375,990.4000244140625
6529024,2168.412353515625,990.4000244140625
6533120,2168.40185546875,990.4000244140625
6537216,2168.289794921875,990.4000244140625
6541312,2170.06396484375,990.4000244140625
6545408,2175.9453125,990.4000244140625
6549504,2178.120361328125,990.4000244140625
6553600,2187.177734375,990.4000244140625
6557696,2187.733642578125,990.4000244140625
6561792,2187.71435546875,990.4000244140625
6565888,2209.549072265625,1000.0
6569984,2209.638671875,1000.0
6574080,2211.760009765625,1000.0
6578176,2212.30615234375,1000.0
6582272,2213.255859375,1000.0
6586368,2213.61376953125,1000.0
6590464,2213.8466796875,1000.0
6594560,2213.902587890625,1000.0
6598656,2214.26416015625,1000.0
6602752,2214.311279296875,1000.0
6606848,2214.63818359375,1000.0
6610944,2214.905517578125,1000.0
6615040,2215.54296875,1000.0
6619136,2215.733154296875,1000.0
6623232,2216.3134765625,1000.0
6627328,2216.614501953125,1000.0
6631424,2217.02685546875,1000.0
6635520,2217.2578125,1000.0
6639616,2217.817626953125,1000.0
6643712,2216.947021484375,1000.0
6647808,2217.06005859375,1000.0
6651904,2217.112548828125,1000.0
6656000,2217.403076171875,1000.0
6660096,2217.705322265625,1000.0
6664192,2218.261962890625,1000.0
6668288,2218.457763671875,1000.0
6672384,2218.593505859375,1000.0
6676480,2218.86376953125,1000.0
6680576,2219.47119140625,1000.0
6684672,2219.572021484375,1000.0
6688768,2219.934814453125,1000.0
6692864,2220.569580078125,1000.0
6696960,2220.889892578125,1000.0
6701056,2221.320068359375,1000.0
6705152,2221.57568359375,1000.0
6709248,2221.712646484375,1000.0
6713344,2221.780517578125,1000.0
6717440,2221.931396484375,1000.0
6721536,2222.1689453125,1000.0
6725632,2222.441162109375,1000.0
6729728,2222.587890625,1000.0
6733824,2222.757568359375,1000.0
6737920,2222.9365234375,1000.0
6742016,2224.1796875,1000.0
6746112,2224.19091796875,1000.0
6750208,2224.945068359375,1000.0
6754304,2224.9912109375,1000.0
6758400,2225.32763671875,1000.0
6762496,2225.420654296875,1000.0
6766592,2225.8828125,1000.0
6770688,2225.91455078125,1000.0
6774784,2226.1513671875,1000.0
6778880,2226.214111328125,1000.0
6782976,2226.3466796875,1000.0
6787072,2226.492919921875,1000.0
6791168,2226.572998046875,1000.0
6795264,2226.676513671875,1000.0
6799360,2226.564453125,1000.0
6803456,2226.646728515625,1000.0
6807552,2226.397705078125,1000.0
6811648,2226.66357421875,1000.0
6815744,2226.60205078125,1000.0
6819840,2226.844970703125,1000.0
6823936,2226.83203125,1000.0
6828032,2226.632080078125,1000.0
6832128,2226.647216796875,1000.0
6836224,2226.7060546875,1000.0
6840320,2226.752685546875,1000.0
6844416,2226.691162109375,1000.0
6848512,2226.380615234375,1000.0
6852608,2225.375,1000.0
6856704,2225.44873046875,1000.0
6860800,2225.505126953125,1000.0
6864896,2225.72802734375,1000.0
6868992,2225.908203125,1000.0
6873088,2225.939697265625,1000.0
6877184,2225.74267578125,1000.0
6881280,2225.713623046875,1000.0
6885376,2225.625244140625,1000.0
6889472,2225.7158203125,1000.0
6893568,2225.676025390625,1000.0
6897664,2225.514404296875,1000.0
6901760,2225.983154296875,1000.0
6905856,2226.029296875,1000.0
6909952,2226.3505859375,1000.0
6914048,2226.6015625,1000.0
6918144,2226.472900390625,1000.0
6922240,2226.427490234375,1000.0
6926336,2226.82861328125,1000.0
6930432,2226.8564453125,1000.0
6934528,2227.019287109375,1000.0
6938624,2227.183349609375,1000.0
6942720,2227.195068359375,1000.0
6946816,2227.161865234375,1000.0
6950912,2227.747802734375,1000.0
6955008,2228.891845703125,1000.0
6959104,2229.000244140625,1000.0
6963200,2229.026611328125,1000.0
6967296,2228.90234375,1000.0
6971392,2228.767822265625,1000.0
6975488,2229.25048828125,1000.0
6979584,2229.013671875,1000.0
6983680,2228.44384765625,1000.0
6987776,2226.414306640625,1000.0
6991872,2225.283935546875,1000.0
6995968,2225.4287109375,1000.0
7000064,2224.844482421875,1000.0
7004160,2224.79345703125,1000.0
7008256,2224.7216796875,1000.0
7012352,2224.8125,1000.0
7016448,2224.819091796875,1000.0
7020544,2224.620849609375,1000.0
7024640,2224.444091796875,1000.0
7028736,2224.340576171875,1000.0
7032832,2223.67822265625,1000.0
7036928,2223.636474609375,1000.0
7041024,2223.4453125,1000.0
7045120,2223.38818359375,1000.0
7049216,2223.378173828125,1000.0
7053312,2222.965576171875,1000.0
7057408,2223.0625,1000.0
7061504,2222.832763671875,1000.0
7065600,2222.66748046875,1000.0
7069696,2222.936279296875,1000.0
7073792,2222.724365234375,1000.0
7077888,2222.733642578125,1000.0
7081984,2222.766357421875,1000.0
7086080,2225.44140625,1000.0
7090176,2226.03076171875,1000.0
7094272,2226.58056640625,1000.0
7098368,2227.1259765625,1000.0
7102464,2227.011474609375,1000.0
7106560,2226.92724609375,1000.0
7110656,2227.083984375,1000.0
7114752,2227.145751953125,1000.0
7118848,2226.946533203125,1000.0
7122944,2226.923828125,1000.0
7127040,2226.98486328125,1000.0
7131136,2227.1865234375,1000.0
7135232,2227.06640625,1000.0
7139328,2227.122314453125,1000.0
7143424,2227.2978515625,1000.0
7147520,2227.260498046875,1000.0
7151616,2227.072998046875,1000.0
7155712,2227.1123046875,1000.0
7159808,2227.462158203125,1000.0
7163904,2224.5595703125,1000.0
7168000,2224.460205078125,1000.0
7172096,2224.4404296875,1000.0
7176192,2224.36328125,1000.0
7180288,2224.42236328125,1000.0
7184384,2224.308349609375,1000.0
7188480,2224.3798828125,1000.0
7192576,2224.7255859375,1000.0
7196672,2224.771484375,1000.0
7200768,2224.838623046875,1000.0
7204864,2224.9873046875,1000.0
7208960,2225.00634765625,1000.0
7213056,2225.06982421875,1000.0
7217152,2225.520263671875,1000.0
7221248,2225.593505859375,1000.0
7225344,2225.91015625,1000.0
7229440,2225.841064453125,1000.0
7233536,2225.983154296875,1000.0
7237632,2226.70556640625,1000.0
7241728,2226.803466796875,1000.0
7245824,2226.970458984375,1000.0
7249920,2227.393798828125,1000.0
7254016,2227.836669921875,1000.0
7258112,2227.884765625,1000.0
7262208,2231.289306640625,1000.0
7266304,2231.34228515625,1000.0
7270400,2231.58154296875,1000.0
7274496,2232.1826171875,1000.0
7278592,2232.28515625,1000.0
7282688,2232.577880859375,1000.0
7286784,2232.726806640625,1000.0
7290880,2232.682861328125,1000.0
7294976,2232.837158203125,1000.0
7299072,2232.9873046875,1000.0
7303168,2233.248291015625,1000.0
7307264,2233.33544921875,1000.0
7311360,2233.612060546875,1000.0
7315456,2233.632080078125,1000.0
7319552,2233.687744140625,1000.0
7323648,2233.730224609375,1000.0
7327744,2233.84228515625,1000.0
7331840,2233.950439453125,1000.0
7335936,2234.123291015625,1000.0
7340032,2234.12646484375,1000.0
7344128,2234.419677734375,1000.0
7348224,2234.619140625,1000.0
7352320,2234.4140625,1000.0
7356416,2234.365966796875,1000.0
7360512,2234.43505859375,1000.0
7364608,2234.4677734375,1000.0
7368704,2234.88671875,1000.0
7372800,2234.9501953125,1000.0
7376896,2235.30078125,1000.0
7380992,2235.586181640625,1000.0
7385088,2235.1123046875,1000.0
7389184,2235.400634765625,1000.0
7393280,2235.3837890625,1000.0
7397376,2235.6767578125,1000.0
7401472,2235.69970703125,1000.0
7405568,2235.79248046875,1000.0
7409664,2235.92919921875,1000.0
7413760,2214.034423828125,990.3900146484375
7417856,2214.31201171875,990.3900146484375
7421952,2214.54443359375,990.3900146484375
7426048,2214.67626953125,990.3900146484375
7430144,2215.141357421875,990.3900146484375
7434240,2215.14892578125,990.3900146484375
7438336,2215.23193359375,990.3900146484375
7442432,2215.283935546875,990.3900146484375
7446528,2215.175537109375,990.3900146484375
7450624,2215.24365234375,990.3900146484375
7454720,2214.989013671875,990.3900146484375
7458816,2214.8447265625,990.3900146484375
7462912,2214.4306640625,990.3900146484375
7467008,2214.283203125,990.3900146484375
7471104,2214.225830078125,990.3900146484375
7475200,2214.08935546875,990.3900146484375
7479296,2213.862060546875,990.3900146484375
7483392,2213.8359375,990.3900146484375
7487488,2214.338623046875,990.3900146484375
7491584,2214.31884765625,990.3900146484375
7495680,2214.480712890625,990.3900146484375
7499776,2214.603515625,990.3900146484375
7503872,2214.804443359375,990.3900146484375
7507968,2214.83056640625,990.3900146484375
7512064,2237.01171875,1000.0
7516160,2237.01171875,1000.0
7520256,2237.030517578125,1000.0
7524352,2236.900634765625,1000.0
7528448,2236.888916015625,1000.0
7532544,2237.03271484375,1000.0
7536640,2237.330078125,1000.0
7540736,2237.460693359375,1000.0
7544832,2237.15185546875,1000.0
7548928,2237.37353515625,1000.0
7553024,2237.833251953125,1000.0
7557120,2238.0263671875,1000.0
7561216,2238.49755859375,1000.0
7565312,2238.724609375,1000.0
7569408,2239.04541015625,1000.0
7573504,2239.1552734375,1000.0
7577600,2239.408447265625,1000.0
7581696,2217.876220703125,990.3900146484375
7585792,2218.029541015625,990.3900146484375
7589888,2218.2255859375,990.3900146484375
7593984,2218.280517578125,990.3900146484375
7598080,2218.380126953125,990.3900146484375
7602176,2218.375,990.3900146484375
7606272,2218.54638671875,990.3900146484375
7610368,2218.548095703125,990.3900146484375
7614464,2218.797119140625,990.3900146484375
7618560,2218.665771484375,990.3900146484375
7622656,2217.856201171875,990.3900146484375
7626752,2217.8095703125,990.3900146484375
7630848,2217.762939453125,990.3900146484375
7634944,2217.774658203125,990.3900146484375
7639040,2217.827392578125,990.3900146484375
7643136,2217.763427734375,990.3900146484375
7647232,2218.152587890625,990.3900146484375
7651328,2218.21142578125,990.3900146484375
7655424,2218.430419921875,990.3900146484375
7659520,2218.4306640625,990.3900146484375
7663616,2218.892822265625,990.3900146484375
7667712,2218.55419921875,990.3900146484375
7671808,2196.1708984375,980.9299926757812
7675904,2196.21142578125,980.9299926757812
7680000,2218.078369140625,990.5399780273438
7684096,2218.234375,990.5399780273438
7688192,2218.064453125,990.5399780273438
7692288,2218.1630859375,990.5399780273438
7696384,2218.0537109375,990.5399780273438
7700480,2218.2470703125,990.5399780273438
7704576,2218.53466796875,990.5399780273438
7708672,2218.564208984375,990.5399780273438
7712768,2196.250244140625,980.9199829101562
7716864,2196.63916015625,980.9199829101562
7720960,2197.769287109375,980.9199829101562
7725056,2198.02783203125,980.9199829101562
7729152,2198.1201171875,980.9199829101562
7733248,2198.266357421875,980.9199829101562
7737344,2198.181640625,980.9199829101562
7741440,2198.78515625,980.9199829101562
7745536,2198.62158203125,980.9199829101562
7749632,2198.3701171875,980.9199829101562
7753728,2198.431640625,980.9199829101562
7757824,2198.360595703125,980.9199829101562
7761920,2198.32568359375,980.9199829101562
7766016,2198.520263671875,980.9199829101562
7770112,2198.544921875,980.9199829101562
7774208,2221.160400390625,990.3800048828125
7778304,2221.213623046875,990.3800048828125
7782400,2221.461669921875,990.3800048828125
7786496,2221.482666015625,990.3800048828125
7790592,2221.743896484375,990.3800048828125
7794688,2221.7412109375,990.3800048828125
7798784,2221.66015625,990.3800048828125
7802880,2221.5830078125,990.3800048828125
7806976,2221.435302734375,990.3800048828125
7811072,2243.70166015625,1000.0
7815168,2243.19140625,1000.0
7819264,2243.158935546875,1000.0
7823360,2243.22119140625,1000.0
7827456,2243.251220703125,1000.0
7831552,2243.07080078125,1000.0
7835648,2243.082763671875,1000.0
7839744,2243.17724609375,1000.0
7843840,2243.09619140625,1000.0
7847936,2243.353271484375,1000.0
7852032,2243.52294921875,1000.0
7856128,2243.53271484375,1000.0
7860224,2243.607421875,1000.0
7864320,2243.4140625,1000.0
7868416,2242.52001953125,1000.0
7872512,2242.583984375,1000.0
7876608,2242.68798828125,1000.0
7880704,2242.511474609375,1000.0
7884800,2242.362548828125,1000.0
7888896,2242.37255859375,1000.0
7892992,2242.474609375,1000.0
7897088,2242.390869140625,1000.0
7901184,2242.4306640625,1000.0
7905280,2242.606201171875,1000.0
7909376,2242.779541015625,1000.0
7913472,2242.989990234375,1000.0
7917568,2243.582275390625,1000.0
7921664,2243.72509765625,1000.0
7925760,2243.93359375,1000.0
7929856,2244.158447265625,1000.0
7933952,2244.453857421875,1000.0
7938048,2244.49658203125,1000.0
7942144,2244.88623046875,1000.0
7946240,2244.91650390625,1000.0
7950336,2244.8916015625,1000.0
7954432,2245.06005859375,1000.0
7958528,2245.55810546875,1000.0
7962624,2245.65576171875,1000.0
7966720,2246.58447265625,1000.0
7970816,2246.68212890625,1000.0
7974912,2246.752685546875,1000.0
7979008,2246.806396484375,1000.0
7983104,2246.9541015625,1000.0
7987200,2247.095703125,1000.0
7991296,2247.274658203125,1000.0
7995392,2247.447265625,1000.0
7999488,2247.720703125,1000.0
8003584,2247.66162109375,1000.0
8007680,2247.791015625,1000.0
8011776,2247.833740234375,1000.0
8015872,2248.00634765625,1000.0
8019968,2248.0048828125,1000.0
8024064,2248.22216796875,1000.0
8028160,2248.21240234375,1000.0
8032256,2248.371337890625,1000.0
8036352,2247.805419921875,1000.0
8040448,2247.788818359375,1000.0
8044544,2247.7060546875,1000.0
8048640,2247.694091796875,1000.0
8052736,2247.723876953125,1000.0
8056832,2247.754638671875,1000.0
8060928,2247.760498046875,1000.0
8065024,2247.5576171875,1000.0
8069120,2247.391845703125,1000.0
8073216,2247.1884765625,1000.0
8077312,2247.378173828125,1000.0
8081408,2247.36083984375,1000.0
8085504,2247.37255859375,1000.0
8089600,2247.3359375,1000.0
8093696,2247.326904296875,1000.0
8097792,2247.385009765625,1000.0
8101888,2247.50732421875,1000.0
8105984,2247.51123046875,1000.0
8110080,2247.335693359375,1000.0
8114176,2247.10595703125,1000.0
8118272,2247.126953125,1000.0
8122368,2247.168701171875,1000.0
8126464,2246.885009765625,1000.0
8130560,2246.841064453125,1000.0
8134656,2247.275390625,1000.0
8138752,2247.281494140625,1000.0
8142848,2247.598388671875,1000.0
8146944,2247.767333984375,1000.0
8151040,2247.9921875,1000.0
8155136,2248.017578125,1000.0
8159232,2248.3125,1000.0
8163328,2248.451904296875,1000.0
8167424,2249.055419921875,1000.0
8171520,2249.1162109375,1000.0
8175616,2249.371337890625,1000.0
8179712,2249.446044921875,1000.0
8183808,2249.964111328125,1000.0
8187904,2249.95849609375,1000.0
8192000,2250.19677734375,1000.0
8196096,2250.09130859375,1000.0
8200192,2250.231201171875,1000.0
8204288,2250.197509765625,1000.0
8208384,2250.252197265625,1000.0
8212480,2250.769287109375,1000.0
8216576,2250.875732421875,1000.0
8220672,2250.975830078125,1000.0
8224768,2251.04296875,1000.0
8228864,2251.048583984375,1000.0
8232960,2251.271240234375,1000.0
8237056,2251.472412109375,1000.0
8241152,2251.403076171875,1000.0
8245248,2251.409912109375,1000.0
8249344,2251.454833984375,1000.0
8253440,2251.513916015625,1000.0
8257536,2251.38671875,1000.0
8261632,2251.060302734375,1000.0
8265728,2251.044189453125,1000.0
8269824,2251.120361328125,1000.0
8273920,2251.198974609375,1000.0
8278016,2251.203857421875,1000.0
8282112,2251.20068359375,1000.0
8286208,2251.339599609375,1000.0
8290304,2251.3154296875,1000.0
8294400,2251.526611328125,1000.0
8298496,2251.3779296875,1000.0
8302592,2251.560302734375,1000.0
8306688,2251.568603515625,1000.0
8310784,2251.6572265625,1000.0
8314880,2251.661376953125,1000.0
8318976,2251.694580078125,1000.0
8323072,2251.788330078125,1000.0
8327168,2252.143310546875,1000.0
8331264,2252.121826171875,1000.0
8335360,2252.216796875,1000.0
8339456,2252.323974609375,1000.0
8343552,2252.46630859375,1000.0
8347648,2252.484619140625,1000.0
8351744,2252.56884765625,1000.0
8355840,2252.493896484375,1000.0
8359936,2252.55322265625,1000.0
8364032,2253.086669921875,1000.0
8368128,2253.157958984375,1000.0
8372224,2253.189697265625,1000.0
8376320,2253.25439453125,1000.0
8380416,2253.28271484375,1000.0
8384512,2253.3505859375,1000.0
8388608,2253.336669921875,1000.0
8392704,2253.47021484375,1000.0
8396800,2253.436767578125,1000.0
8400896,2253.617431640625,1000.0
8404992,2253.730712890625,1000.0
8409088,2253.685302734375,1000.0
8413184,2253.77783203125,1000.0
8417280,2253.94091796875,1000.0
8421376,2253.792236328125,1000.0
8425472,2253.80712890625,1000.0
8429568,2253.817138671875,1000.0
8433664,2253.42822265625,1000.0
8437760,2253.32275390625,1000.0
8441856,2253.487060546875,1000.0
8445952,2253.482421875,1000.0
8450048,2253.3603515625,1000.0
8454144,2253.40283203125,1000.0
8458240,2253.403076171875,1000.0
8462336,2253.482666015625,1000.0
8466432,2253.511474609375,1000.0
8470528,2253.6142578125,1000.0
8474624,2253.6259765625,1000.0
8478720,2253.2470703125,1000.0
8482816,2253.2177734375,1000.0
8486912,2253.144775390625,1000.0
8491008,2253.24365234375,1000.0
8495104,2252.9970703125,1000.0
8499200,2253.008544921875,1000.0
8503296,2252.815673828125,1000.0
8507392,2252.705322265625,1000.0
8511488,2252.5419921875,1000.0
8515584,2252.45263671875,1000.0
8519680,2252.010009765625,1000.0
8523776,2251.990234375,1000.0
8527872,2251.92919921875,1000.0
8531968,2251.974609375,1000.0
8536064,2230.426513671875,990.4299926757812
8540160,2230.28857421875,990.4299926757812
8544256,2230.31591796875,990.4299926757812
8548352,2230.447265625,990.4299926757812
8552448,2230.275146484375,990.4299926757812
8556544,2230.02880859375,990.4299926757812
8560640,2230.048583984375,990.4299926757812
8564736,2230.006591796875,990.4299926757812
8568832,2229.759033203125,990.4299926757812
8572928,2229.982666015625,990.4299926757812
8577024,2229.878173828125,990.4299926757812
8581120,2229.64892578125,990.4299926757812
8585216,2229.46240234375,990.4299926757812
8589312,2229.141357421875,990.4299926757812
8593408,2229.171142578125,990.4299926757812
8597504,2229.31298828125,990.4299926757812
8601600,2229.076171875,990.4299926757812
8605696,2229.017822265625,990.4299926757812
8609792,2228.76708984375,990.4299926757812
8613888,2228.841552734375,990.4299926757812
8617984,2228.74169921875,990.4299926757812
8622080,2228.84716796875,990.4299926757812
8626176,2228.701904296875,990.4299926757812
8630272,2228.262451171875,990.4299926757812
8634368,2228.24658203125,990.4299926757812
8638464,2249.845947265625,1000.0
8642560,2249.777099609375,1000.0
8646656,2249.38134765625,1000.0
8650752,2249.3017578125,1000.0
8654848,2249.368896484375,1000.0
8658944,2249.241455078125,1000.0
8663040,2248.35205078125,1000.0
8667136,2248.310791015625,1000.0
8671232,2248.218017578125,1000.0
8675328,2248.18994140625,1000.0
8679424,2248.19580078125,1000.0
8683520,2248.180419921875,1000.0
8687616,2248.31689453125,1000.0
8691712,2248.305419921875,1000.0
8695808,2247.73193359375,1000.0
8699904,2247.548828125,1000.0
8704000,2247.5380859375,1000.0
8708096,2247.490478515625,1000.0
8712192,2247.27587890625,1000.0
8716288,2247.09814453125,1000.0
8720384,2247.091796875,1000.0
8724480,2247.01953125,1000.0
8728576,2246.882080078125,1000.0
8732672,2246.87451171875,1000.0
8736768,2246.920654296875,1000.0
8740864,2246.21728515625,1000.0
8744960,2223.84033203125,990.4199829101562
8749056,2223.9609375,990.4199829101562
8753152,2223.060791015625,990.4199829101562
8757248,2222.5439453125,990.4199829101562
8761344,2222.83935546875,990.4199829101562
8765440,2222.848388671875,990.4199829101562
8769536,2223.026611328125,990.4199829101562
8773632,2220.301025390625,990.4199829101562
8777728,2219.82177734375,990.4199829101562
8781824,2219.741455078125,990.4199829101562
8785920,2219.594970703125,990.4199829101562
8790016,2219.71826171875,990.4199829101562
8794112,2219.95947265625,990.4199829101562
8798208,2219.93017578125,990.4199829101562
8802304,2219.741943359375,990.4199829101562
8806400,2220.21142578125,990.4199829101562
8810496,2220.228515625,990.4199829101562
8814592,2220.62060546875,990.4199829101562
8818688,2220.658935546875,990.4199829101562
8822784,2221.197509765625,990.4199829101562
8826880,2221.3203125,990.4199829101562
8830976,2221.40673828125,990.4199829101562
8835072,2221.4609375,990.4199829101562
8839168,2221.051025390625,990.4199829101562
8843264,2221.103515625,990.4199829101562
8847360,2243.555908203125,1000.0
8851456,2221.87255859375,990.280029296875
8855552,2222.34423828125,990.280029296875
8859648,2222.157470703125,990.280029296875
8863744,2221.796142578125,990.280029296875
8867840,2221.672607421875,990.280029296875
8871936,2223.38330078125,990.280029296875
8876032,2223.768798828125,990.280029296875
8880128,2223.661865234375,990.280029296875
8884224,2223.78125,990.280029296875
8888320,2223.355712890625,990.280029296875
8892416,2223.193115234375,990.280029296875
8896512,2222.29736328125,990.280029296875
8900608,2221.69921875,990.280029296875
8904704,2220.99951171875,990.280029296875
8908800,2220.9013671875,990.280029296875
8912896,2220.3125,990.280029296875
8916992,2218.793701171875,990.280029296875
8921088,2218.544189453125,990.280029296875
8925184,2218.20703125,990.280029296875
8929280,2217.903076171875,990.280029296875
8933376,2195.253662109375,980.6300048828125
8937472,2172.80908203125,971.0499877929688
8941568,2171.43017578125,971.0499877929688
8945664,2148.15087890625,961.6199951171875
8949760,2170.14208984375,971.3400268554688
8953856,2169.8837890625,971.3400268554688
8957952,2147.463623046875,961.6099853515625
8962048,2147.555419921875,961.6099853515625
8966144,2147.212158203125,961.6099853515625
8970240,2147.0244140625,961.6099853515625
8974336,2146.52294921875,961.6099853515625
8978432,2146.0966796875,961.6099853515625
8982528,2145.389404296875,961.6099853515625
8986624,2145.242919921875,961.6099853515625
8990720,2100.09521484375,942.0599975585938
8994816,2100.201904296875,942.0599975585938
8998912,2077.0869140625,932.3200073242188
9003008,2076.90673828125,932.3200073242188
9007104,2077.0595703125,932.3200073242188
9011200,2077.563720703125,932.3200073242188
9015296,2031.6533203125,912.9500122070312
9019392,2031.3739013671875,912.9500122070312
9023488,2053.58984375,922.5999755859375
9027584,2053.571044921875,922.5999755859375
9031680,2051.529052734375,922.9500122070312
9035776,2051.390625,922.9500122070312
9039872,2073.774169921875,932.3800048828125
9043968,2072.743408203125,932.3800048828125
9048064,2094.84716796875,942.1099853515625
9052160,2094.717041015625,942.1099853515625
9056256,2094.0673828125,942.1099853515625
9060352,2093.697021484375,942.1099853515625
9064448,2070.911376953125,932.239990234375
9068544,2070.744873046875,932.239990234375
9072640,2069.73681640625,932.239990234375
9076736,2046.8856201171875,922.5599975585938
9080832,2046.54052734375,922.5599975585938
9084928,2091.3681640625,942.1099853515625
9089024,2091.39306640625,942.1099853515625
9093120,2113.821533203125,951.8499755859375
9097216,2113.379638671875,951.8499755859375
9101312,2110.419189453125,951.8499755859375
9105408,2110.09033203125,951.8499755859375
9109504,2110.1630859375,951.8499755859375
9113600,2153.680419921875,971.219970703125
9117696,2153.054443359375,971.219970703125
9121792,2107.137939453125,951.8900146484375
9125888,2107.61083984375,951.8900146484375
9129984,2130.788818359375,961.1199951171875
9134080,2131.43310546875,961.1199951171875
9138176,2132.376953125,961.1199951171875
9142272,2131.129150390625,961.1199951171875
9146368,2130.9443359375,961.1199951171875
9150464,2130.474853515625,961.1199951171875
9154560,2130.278564453125,961.1199951171875
9158656,2107.037353515625,951.5700073242188
9162752,2129.715087890625,961.4400024414062
9166848,2105.281982421875,951.8099975585938
9170944,2105.629150390625,951.8099975585938
9175040,2128.3349609375,961.489990234375
9179136,2127.77490234375,961.489990234375
9183232,2126.849609375,961.489990234375
9187328,2126.921875,961.489990234375
9191424,2103.739013671875,951.72998046875
9195520,2104.42236328125,951.72998046875
9199616,2106.45654296875,951.72998046875
9203712,2106.27490234375,951.72998046875
9207808,2106.99755859375,951.72998046875
9211904,2106.3359375,951.72998046875
9216000,2151.932861328125,971.0599975585938
9220096,2152.203125,971.0599975585938
9224192,2130.798583984375,961.4199829101562
9228288,2130.732666015625,961.4199829101562
9232384,2129.71044921875,961.4199829101562
9236480,2130.8583984375,961.4199829101562
9240576,2130.69091796875,961.4199829101562
9244672,2130.54248046875,961.4199829101562
9248768,2131.43408203125,961.4199829101562
9252864,2148.808349609375,970.969970703125
9256960,2149.36669921875,970.969970703125
9261056,2150.856689453125,970.969970703125
9265152,2151.568115234375,970.969970703125
9269248,2175.5185546875,980.5999755859375
9273344,2151.81201171875,970.9400024414062
9277440,2152.300537109375,970.9400024414062
9281536,2153.992431640625,970.9400024414062
9285632,2154.27392578125,970.9400024414062
9289728,2155.964111328125,970.9400024414062
9293824,2178.654052734375,980.7000122070312
9297920,2134.0,961.3200073242188
9302016,2134.872802734375,961.3200073242188
9306112,2112.835693359375,951.6599731445312
9310208,2112.38671875,951.6599731445312
9314304,2112.943115234375,951.6599731445312
9318400,2113.40478515625,951.6599731445312
9322496,2135.8271484375,961.2999877929688
9326592,2136.8349609375,961.2999877929688
9330688,2137.440185546875,961.2999877929688
9334784,2138.56201171875,961.2999877929688
9338880,2138.588134765625,961.2999877929688
9342976,2139.924072265625,961.2999877929688
9347072,2140.183837890625,961.2999877929688
9351168,2144.820556640625,961.2999877929688
9355264,2144.763671875,961.2999877929688
9359360,2144.901611328125,961.2999877929688
9363456,2144.76904296875,961.2999877929688
9367552,2145.835693359375,961.2999877929688
9371648,2169.77734375,970.9600219726562
9375744,2148.98974609375,961.3499755859375
9379840,2148.8818359375,961.3499755859375
9383936,2149.05078125,961.3499755859375
9388032,2149.211669921875,961.3499755859375
9392128,2150.411376953125,961.3499755859375
9396224,2195.091796875,980.72998046875
9400320,2195.31103515625,980.72998046875
9404416,2196.22021484375,980.72998046875
9408512,2219.255859375,990.3900146484375
9412608,2219.463623046875,990.3900146484375
9416704,2220.053466796875,990.3900146484375
9420800,2220.31982421875,990.3900146484375
9424896,2220.599853515625,990.3900146484375
9428992,2220.483642578125,990.3900146484375
9433088,2220.402587890625,990.3900146484375
9437184,2197.921142578125,980.75
9441280,2197.568359375,980.75
9445376,2198.638427734375,980.75
9449472,2199.296142578125,980.75
9453568,2199.483642578125,980.75
9457664,2199.647216796875,980.75
9461760,2199.6708984375,980.75
9465856,2199.58251953125,980.75
9469952,2199.17138671875,980.75
9474048,2220.637939453125,990.3599853515625
9478144,2220.640625,990.3599853515625
9482240,2220.444091796875,990.3599853515625
9486336,2220.11962890625,990.3599853515625
9490432,2219.800537109375,990.3599853515625
9494528,2219.927734375,990.3599853515625
9498624,2219.8056640625,990.3599853515625
9502720,2219.669189453125,990.3599853515625
9506816,2219.96240234375,990.3599853515625
9510912,2197.34033203125,980.72998046875
9515008,2197.521728515625,980.72998046875
9519104,2197.5185546875,980.72998046875
9523200,2197.063720703125,980.72998046875
9527296,2196.85693359375,980.72998046875
9531392,2196.693359375,980.72998046875
9535488,2218.8681640625,990.3699951171875
9539584,2219.0,990.3699951171875
9543680,2219.254638671875,990.3699951171875
9547776,2219.11962890625,990.3699951171875
9551872,2218.86767578125,990.3699951171875
9555968,2218.6025390625,990.3699951171875
9560064,2217.886474609375,990.3699951171875
9564160,2217.85595703125,990.3699951171875
9568256,2214.876708984375,990.3699951171875
9572352,2214.700927734375,990.3699951171875
9576448,2212.2021484375,990.3699951171875
9580544,2211.280029296875,990.3699951171875
9584640,2209.676025390625,990.3699951171875
9588736,2209.6318359375,990.3699951171875
9592832,2206.633056640625,990.3699951171875
9596928,2205.350830078125,990.3699951171875
9601024,2203.439453125,990.3699951171875
9605120,2203.113525390625,990.3699951171875
9609216,2223.031982421875,1000.0
9613312,2217.5556640625,1000.0
9617408,2216.884521484375,1000.0
9621504,2211.3857421875,1000.0
9625600,2207.1533203125,1000.0
9629696,2200.340087890625,1000.0
9633792,2199.169921875,1000.0
9637888,2194.8603515625,1000.0
9641984,2192.6533203125,1000.0
9646080,2190.046630859375,1000.0
9650176,2189.3603515625,1000.0
9654272,2189.247802734375,1000.0
9658368,2187.42431640625,1000.0
9662464,2184.67333984375,1000.0
9666560,2184.205810546875,1000.0
9670656,2186.029052734375,1000.0
9674752,2185.968017578125,1000.0
9678848,2184.454833984375,1000.0
9682944,2184.67138671875,1000.0
9687040,2184.555908203125,1000.0
9691136,2183.9091796875,1000.0
9695232,2186.653564453125,1000.0
9699328,2186.5390625,1000.0
9703424,2188.3671875,1000.0
9707520,2190.36572265625,1000.0
9711616,2192.9619140625,1000.0
9715712,2196.547119140625,1000.0
9719808,2202.4306640625,1000.0
9723904,2202.612060546875,1000.0
9728000,2211.189697265625,1000.0
9732096,2213.4765625,1000.0
9736192,2218.923583984375,1000.0
9740288,2219.076904296875,1000.0
9744384,2223.375,1000.0
9748480,2223.2275390625,1000.0
9752576,2223.7666015625,1000.0
9756672,2224.23486328125,1000.0
9760768,2228.914306640625,1000.0
9764864,2229.039306640625,1000.0
9768960,2230.38427734375,1000.0
9773056,2230.204833984375,1000.0
9777152,2232.304443359375,1000.0
9781248,2234.345947265625,1000.0
9785344,2235.11572265625,1000.0
9789440,2236.427001953125,1000.0
9793536,2236.428466796875,1000.0
9797632,2237.08251953125,1000.0
9801728,2237.02978515625,1000.0
9805824,2237.05859375,1000.0
9809920,2237.30419921875,1000.0
9814016,2237.24658203125,1000.0
9818112,2236.00830078125,1000.0
9822208,2235.473876953125,1000.0
9826304,2234.990478515625,1000.0
9830400,2234.6181640625,1000.0
9834496,2234.412353515625,1000.0
9838592,2233.23388671875,1000.0
9842688,2233.10888671875,1000.0
9846784,2232.83349609375,1000.0
9850880,2228.516357421875,1000.0
9854976,2228.06787109375,1000.0
9859072,2227.929443359375,1000.0
9863168,2205.247802734375,990.280029296875
9867264,2204.994384765625,990.280029296875
9871360,2181.565673828125,980.9500122070312
9875456,2181.638916015625,980.9500122070312
9879552,2181.9267578125,980.9500122070312
9883648,2181.67919921875,980.9500122070312
9887744,2159.822021484375,971.1599731445312
9891840,2137.381103515625,961.3699951171875
9895936,2137.0205078125,961.3699951171875
9900032,2137.06005859375,961.3699951171875
9904128,2136.7373046875,961.3699951171875
9908224,2136.76611328125,961.3699951171875
9912320,2136.5263671875,961.3699951171875
9916416,2137.75732421875,961.3699951171875
9920512,2138.039306640625,961.3699951171875
9924608,2138.239013671875,961.3699951171875
9928704,2138.83642578125,961.3699951171875
9932800,2139.037109375,961.3699951171875
9936896,2139.164794921875,961.3699951171875
9940992,2139.3408203125,961.3699951171875
9945088,2143.381591796875,961.3699951171875
9949184,2143.913330078125,961.3699951171875
9953280,2144.512939453125,961.3699951171875
9957376,2144.670654296875,961.3699951171875
9961472,2167.076171875,971.0900268554688
9965568,2167.546875,971.0900268554688
9969664,2191.380859375,980.4199829101562
9973760,2191.700927734375,980.4199829101562
9977856,2191.917724609375,980.4199829101562
9981952,2191.895751953125,980.4199829101562
9986048,2192.427001953125,980.97998046875
9990144,2192.60302734375,981.280029296875
9994240,2166.88037109375,971.7999877929688
9998336,2166.822265625,971.7999877929688
10002432,2166.419921875,971.7999877929688
